source_word,source_seg,related_word,related_seg
respectively,re.spec.tive.ly,respective,re.spec.tive
respectively,re.spec.tive.ly,respect,re.spect
respectively,re.spec.tive.ly,vn,v.n
chilly,chi.lly,chilli,chi.lli
narrative,narr.ative,narrow,narr.ow
disparate,dis.par.ate,disparage,dis.par.age
disparate,dis.par.ate,disparity,dis.par.ity
disparate,dis.par.ate,desperate,des.per.ate
obscene,ob.sc.ene,scene,sc.ene
roadster,road.ster,dragster,drag.ster
delegate,de.leg.ate,relegate,re.leg.ate
premier,pre.mi.er,premiere,pre.mi.ere
implicit,im.plicit,explicit,ex.plicit
implicit,im.plicit,implicate,im.plic.ate
collegiate,col.legi.ate,collegial,col.legi.al
collegiate,col.legi.ate,legion,legi.on
collegiate,col.legi.ate,college,col.lege
collegial,coll.eg.i.al,collegiate,coll.eg.i.ate
assertive,as.sert.ive,insert,in.sert
assertive,as.sert.ive,desert,de.sert
crumble,crumb.le,crumple,crump.le
crumble,crumb.le,bumble,bumb.le
wrinkle,wr.ink.le,crinkle,cr.ink.le
wrinkle,wr.ink.le,vn,v.n
tentative,tenta.tive,tentacle,tenta.cle
reconciliation,re.con.cili.ation,conciliate,con.cili.ate
reconciliation,re.con.cili.ation,recon,re.con
envoy,en.voy,envy,en.vy
envoy,en.voy,nv,n.v
envoy,en.voy,convoy,con.voy
envoy,en.voy,voyage,voy.age
envoy,en.voy,voyeur,voy.eur
impose,im.pose,impostor,im.post.or
impose,im.pose,propose,pro.pose
impose,im.pose,depose,de.pose
impose,im.pose,repose,re.pose
impose,im.pose,dispose,dis.pose
secret,se.cret,secretary,se.cret.ary
secret,se.cret,concrete,con.crete
secretary,se.cret.ary,secret,se.cret
secretary,se.cret.ary,secrete,se.crete
secretary,se.cret.ary,discrete,dis.crete
scoundrel,sc.oun.drel,scrounge,scr.oun.ge
scoundrel,sc.oun.drel,sound,s.oun.d
whisker,whis.ker,whisky,whis.ky
whisker,whis.ker,whiskey,whis.key
implication,im.pli.cation,imprecation,im.pre.cation
implication,im.pli.cation,complicate,com.plicate
implication,im.pli.cation,implicate,im.plicate
implication,im.pli.cation,explicate,ex.plicate
perpetuate,per.petu.ate,perpetual,per.petu.al
perpetuate,per.petu.ate,perpetrate,per.petr.ate
perpetual,per.petu.al,perpetuate,per.petu.ate
perpetual,per.petu.al,perpetrate,per.petr.ate
bluster,blu.ster,bluff,blu.ff
bluster,blu.ster,blister,bli.ster
indiscriminate,in.dis.crimin.ate,discriminate,dis.crimin.ate
indiscriminate,in.dis.crimin.ate,criminal,crimin.al
jockey,jock.ey,hockey,hock.ey
adroit,a.droit,android,an.droid
contend,con.tend,intend,in.tend
contend,con.tend,extend,ex.tend
contend,con.tend,content,con.tent
contend,con.tend,intent,in.tent
propose,pro.pose,impose,im.pose
propose,pro.pose,depose,de.pose
propose,pro.pose,repose,re.pose
propose,pro.pose,dispose,dis.pose
dwindle,dwind.le,vtvi,vt.vi
sanction,sanct.ion,sanctuary,sanct.uary
sanction,sanct.ion,sanctimonious,sanct.imonious
pension,pen.sion,compensation,com.pen.sation
trajectory,tra.ject.ory,trajectile,tra.ject.ile
euhemerism,eu.hemer.ism,ephemeral,ep.hemer.al
ephemera,ep.hemer.a,ephemeron,ep.hemer.on
ephemera,ep.hemer.a,euhemerism,eu.hemer.ism
sediment,sedi.ment,seditious,sedi.tious
sediment,sedi.ment,sedulous,sed.ul.ous
fringe,frin.ge,flinch,flin.ch
plaintiff,plaint.iff,plaintive,plaint.ive
plaintiff,plaint.iff,complaint,com.plaint
plaintiff,plaint.iff,complain,com.plain
staunch,st.aun.ch,haunch,h.aun.ch
staunch,st.aun.ch,stal,st.al
staunch,st.aun.ch,star,st.ar
ulterior,ul.ter.ior,exterior,ex.ter.ior
revelation,re.vel.ation,reveal,re.veal
measles,meas.les,measly,meas.ly
oblivion,ob.liv.ion,oblivious,ob.liv.ious
oblivion,ob.liv.ion,livid,liv.id
assuage,as.su.age,suave,su.ave
assuage,as.su.age,persuade,per.su.ade
assuage,as.su.age,dissuade,dis.su.ade
exhort,ex.hort,cohort,co.hort
exhort,ex.hort,exert,ex.ert
glacial,glac.ial,glacer,glac.er
encumber,en.cumb.er,incumbent,in.cumb.ent
encumber,en.cumb.er,unencumbered,un.encumber.ed
nimble,nimb.le,nimbus,nimb.us
jugular,jug.ular,titular,tit.ular
jugular,jug.ular,tabular,tab.ular
jugular,jug.ular,regular,reg.ular
jugular,jug.ular,secular,sec.ular
desolate,de.sol.ate,isolate,i.sol.ate
devastation,de.vast.ation,devastate,de.vast.ate
concession,con.cess.ion,concede,con.cede
concession,con.cess.ion,cession,cess.ion
concession,con.cess.ion,recession,re.cession
concession,con.cess.ion,consensus,con.sens.us
concession,con.cess.ion,compromise,com.promise
massage,mass.age,message,mess.age
massage,mass.age,messenger,mess.enger
salivate,sa.liv.ate,saliva,sa.liv.a
salivate,sa.liv.ate,slaver,slav.er
reflex,re.flex,reflect,re.flect
reflex,re.flex,refract,re.fract
proverbial,pro.verb.ial,proverb,pro.verb
regency,reg.ency,regal,reg.al
regency,reg.ency,regent,reg.ent
regency,reg.ency,regiment,regi.ment
regency,reg.ency,register,regi.ster
brusque,bru.sque,arabesque,arab.esque
brusque,bru.sque,grotesque,grot.esque
acerbic,acerb.ic,exacerbate,ex.acerb.ate
hedonist,hedon.ist,anhedonia,an.hedon.ia
relegate,re.leg.ate,delegate,de.leg.ate
successive,suc.cess.ive,successful,suc.cess.ful
appraisal,ap.prais.al,appraise,ap.praise
appraisal,ap.prais.al,reprisal,re.prisal
appraisal,ap.prais.al,apprise,ap.prise
complacency,com.plac.ency,complaceency,com.place.ency
complacency,com.plac.ency,complacent,com.plac.ent
afflict,af.flict,inflict,in.flict
diminish,dimin.ish,diminutive,diminu.tive
diminish,dimin.ish,diminuendo,diminu.endo
exacerbate,ex.acerb.ate,acerbic,acerb.ic
advocate,ad.voc.ate,equivocate,equi.voc.ate
appealing,ap.peal.ing,appeal,ap.peal
appealing,ap.peal.ing,vn,v.n
appealing,ap.peal.ing,appellant,ap.pell.ant
appealing,ap.peal.ing,compelling,compell.ing
solstice,sol.stice,interstice,inter.st.ice
tribunal,tri.bu.nal,tribut,tri.but
allege,al.lege,allegation,al.leg.ation
allege,al.lege,allegory,al.leg.ory
proficiency,pro.fici.ency,efficiency,ef.fici.ency
proficiency,pro.fici.ency,deficiency,de.fici.ency
nuance,nu.ance,nuisance,nu.is.ance
promising,pro.mis.ing,promise,pro.mise
tropic,trop.ic,tropical,trop.ic.al
tropic,trop.ic,topic,top.ic
reside,re.side,subside,sub.side
reside,re.side,residence,re.sid.ence
reside,re.side,repose,re.pose
reside,re.side,deside,de.side
reside,re.side,inside,in.side
ginormous,gi.nor.mous,enormous,e.nor.mous
ruminate,rumin.ate,ruminant,rumin.ant
ruminate,rumin.ate,illuminate,il.lumin.ate
gullet,gull.et,gully,gull.y
gullet,gull.et,pullet,pull.et
gullet,gull.et,pellet,pell.et
reprimand,re.pri.mand,reprieve,re.pri.eve
reprimand,re.pri.mand,command,com.mand
frigate,frig.ate,frigid,frig.id
frigate,frig.ate,destroyer,destroy.er
cruiser,crui.ser,cruise,crui.se
freckle,freck.le,speckle,speck.le
aristocratic,aristo.cratic,aristocracy,aristo.cracy
gentile,gent.ile,gentle,gent.le
tropical,trop.ic.al,tropics,trop.ics
tropical,trop.ic.al,tropic,trop.ic
Cartesian,carte.sian,cartography,cart.o.graphy
discrete,dis.crete,discreet,dis.creet
discrete,dis.crete,discretion,dis.cretion
discrete,dis.crete,concrete,con.crete
discrete,dis.crete,secrete,se.crete
discrete,dis.crete,secret,se.cret
discrete,dis.crete,excrete,ex.crete
convolution,con.vol.ution,revolution,re.vol.ution
convolution,con.vol.ution,volvo,vol.vo
convolution,con.vol.ution,convulsion,con.vul.sion
quantitative,quanti.tative,quantum,quant.um
tentacle,tenta.cle,tentative,tenta.tive
trivial,tri.vial,trivia,tri.via
trivial,tri.vial,travail,tra.vail
trivial,tri.vial,trifle,tri.fle
discipline,dis.cip.line,disciple,dis.cip.le
discipline,dis.cip.line,principal,prin.cip.al
cruciferous,cruci.fer.ous,crucify,cruci.fy
migraine,mig.raine,ukraine,uk.raine
migraine,mig.raine,migrate,mig.rate
cerebral,cere.bral,cerebration,cere.bration
cerebral,cere.bral,cerebrum,cere.brum
cerebral,cere.bral,cerebellum,cere.bell.um
cerebral,cere.bral,ebrate,e.brate
walnut,wal.nut,walrus,wal.rus
virile,vir.ile,virgin,vir.gin
remedy,re.me.dy,remediable,re.me.di.able
vassal,vass.al,vessel,vess.el
hegemony,hege.mony,hedgehog,hedge.hog
notion,not.ion,notice,not.ice
benevolent,bene.vol.ent,malevolent,male.vol.ent
exceptional,ex.cept.ion.al,except,ex.cept
exceptional,ex.cept.ion.al,perception,per.cept.ion
piscatorial,pisca.tor.ial,piscatory,pisca.tory
galley,gall.ey,gallery,gall.ery
galley,gall.ey,galleon,gall.eon
galley,gall.ey,gulley,gull.ey
dinghy,ding.hy,dingy,ding.y
paddle,padd.le,puddle,pudd.le
pennant,penn.ant,pendant,pend.ant
pennant,penn.ant,pendent,pend.ent
dowry,dow.ry,dowdy,dow.dy
premise,pre.mise,promise,pro.mise
premise,pre.mise,premises,pre.mises
reverie,reve.rie,revelation,reve.lation
reverie,reve.rie,revelry,revel.ry
deplore,de.plore,implore,im.plore
deplore,de.plore,explore,ex.plore
implore,im.plore,explore,ex.plore
implore,im.plore,deplore,de.plore
implore,im.plore,implode,im.plode
ravish,rav.ish,lavish,lav.ish
ravish,rav.ish,ravage,rav.age
denounce,de.nounce,announce,an.nounce
denounce,de.nounce,renounce,re.nounce
domicile,domic.ile,domestic,domes.tic
decrepit,de.crep.it,crepuscular,crep.us.cular
decrepit,de.crep.it,discrepancy,dis.crep.ancy
disparity,dis.par.ity,parity,par.ity
disparity,dis.par.ity,disparate,dis.par.ate
disparity,dis.par.ity,disparage,dis.par.age
discrepancy,dis.crep.ancy,decrepit,de.crep.it
discrepancy,dis.crep.ancy,dispar,dis.par
brass,br.ass,brazen,bra.zen
brazier,brazi.er,brazen,braz.en
colander,co.land.er,cullender,cul.lend.er
cognate,cogn.ate,cogitate,cog.it.ate
harrow,har.row,harrowing,har.row.ing
harrow,har.row,farrow,far.row
harrow,har.row,marrow,mar.row
harrow,har.row,halloween,Hal.low.een
vertex,vert.ex,apex,ap.ex
vertex,vert.ex,vortex,vort.ex
vertex,vert.ex,cortex,cort.ex
milieu,mi.lieu,milei,Mi.lei
milieu,mi.lieu,purlieus,pur.lieus
miasma,mi.asma,mirage,mi.rage
littoral,litt.or.al,litter,litt.er
littoral,litt.or.al,piscatorial,pisca.tor.ial
quaver,qua.ver,quaker,Qua.ker
quaver,qua.ver,quake,qua.ke
mauve,mau.ve,maudlin,maud.lin
catalepsy,cata.lepsy,epilepsy,epi.lepsy
catalepsy,cata.lepsy,narcolepsy,narco.lepsy
epilepsy,epi.lepsy,leprosy,lep.rosy
epilepsy,epi.lepsy,catalepsy,cata.lepsy
epilepsy,epi.lepsy,narcolepsy,narco.lepsy
dilemma,di.lem.ma,lemma,lem.ma
splurge,spl.urge,splash,spl.ash
squander,squ.and.er,quandary,qu.and.ary
squander,squ.and.er,quarrel,qu.arrel
acclivity,ac.cliv.ity,proclivity,pro.cliv.ity
acclivity,ac.cliv.ity,declivity,de.cliv.ity
decant,de.cant,decanter,de.cant.er
decant,de.cant,scant,s.cant
decant,de.cant,descant,des.cant
vortex,vor.tex,cortex,cor.tex
vortex,vor.tex,vertex,ver.tex
affluent,af.flu.ent,confluence,con.flu.ence
tributary,tri.but.ary,tribute,tri.bute
tributary,tri.but.ary,tribulation,tri.bul.ation
reservoir,re.serv.oir,reserve,re.serve
repository,re.posit.ory,position,posit.ion
repository,re.posit.ory,repose,re.pose
repository,re.posit.ory,vn,v.n
pantry,pan.try,paltry,pal.try
pantry,pan.try,panty,pan.ty
pantry,pan.try,pastry,pas.try
pantry,pan.try,pasty,pas.ty
mortuary,mort.uary,mortgage,mort.gage
mortuary,mort.uary,sanctuary,sanct.uary
necropsy,necro.psy,autopsy,auto.psy
necropsy,necro.psy,necromancer,necro.mancer
necropolis,necro.polis,necromancer,necro.mancer
cemetery,ce.met.ery,comet,co.met
cemetery,ce.met.ery,cement,ce.ment
tumulus,tu.mul.us,tumuli,tu.muli
tumulus,tu.mul.us,cumulus,cu.mul.us
tumulus,tu.mul.us,tumultuous,tu.mult.uous
rampart,ram.part,rampant,ram.pant
rampart,ram.part,rampage,ram.page
rampart,ram.part,vn,v.n
egress,e.gress,ingress,in.gress
egress,e.gress,digress,di.gress
egress,e.gress,inbound,in.bound
egress,e.gress,outbound,out.bound
gambol,gam.bol,gamble,gam.ble
gambol,gam.bol,gambit,gam.bit
gambol,gam.bol,vn,v.n
respire,re.spire,vtvi,vt.vi
respire,re.spire,resp,re.sp
bower,bow.er,bowler,bowl.er
lounge,l.oun.ge,round,r.oun.d
lounge,l.oun.ge,count,c.oun.t
boutique,bou.ti.que,bouquet,bou.quet
boutique,bou.ti.que,boudoir,boud.oir
sanatorium,san.ator.ium,atorium,ator.ium
sanatorium,san.ator.ium,moratorium,mor.ator.ium
sanatorium,san.ator.ium,crematorium,crem.ator.ium
paling,pal.ing,palisade,pali.sade
banister,ban.ist.er,guardrail,guard.rail
conceal,con.ceal,vn,v.n
conceal,con.ceal,reveal,re.veal
compliance,com.pli.ance,compliment,com.pli.ment
compliance,com.pli.ance,nv,n.v
compliance,com.pli.ance,complaisance,com.plais.ance
compliance,com.pli.ance,appliance,ap.pli.ance
compliance,com.pli.ance,comply,com.ply
compliance,com.pli.ance,apply,ap.ply
compliance,com.pli.ance,obeisance,obei.sance
compliance,com.pli.ance,deference,defer.ence
logarithm,log.arithm,arithmetic,arithm.etic
detritus,de.trit.us,detriment,de.tri.ment
refuse,re.fuse,refute,re.fute
vestige,vesti.ge,investigate,in.vesti.gate
ordinance,ordin.ance,ordination,ordin.ation
ordinance,ordin.ance,ordnance,ord.nance
perverse,per.verse,pervert,per.vert
rebuke,re.buke,rebate,re.bate
consonant,con.son.ant,resonant,re.son.ant
brittle,bri.ttle,little,li.ttle
brittle,bri.ttle,british,bri.tish
brittle,bri.ttle,bristle,bri.stle
choreography,chore.o.graphy,chorus,chor.us
amnesty,a.mnes.ty,amnesia,a.mnes.ia
remission,re.miss.ion,remiss,re.miss
remission,re.miss.ion,intermission,inter.mission
remission,re.miss.ion,remit,re.mit
inflict,in.flict,afflict,af.flict
impute,im.pute,compute,com.pute
impute,im.pute,impugn,im.pugn
infraction,in.fract.ion,fraction,fract.ion
infraction,in.fract.ion,fracture,fract.ure
infraction,in.fract.ion,refractory,re.fract.ory
infraction,in.fract.ion,refraction,re.fract.ion
infraction,in.fract.ion,infrared,in.fr.are.d
commandment,com.mand.ment,command,com.mand
commandment,com.mand.ment,testament,test.a.ment
regimentation,regi.ment.ation,regiment,regi.ment
regiment,regi.ment,regimentation,regi.ment.ation
regiment,regi.ment,regiem,regi.em
regiment,regi.ment,regimen,regi.men
regiment,regi.ment,register,regi.ster
constitution,con.sti.tu.tion,institute,in.sti.tu.te
interdict,inter.dict,intersect,inter.sect
interdict,inter.dict,interjection,inter.jection
interdict,inter.dict,injunction,in.junct.ion
injunction,in.junction,conjunction,con.junction
injunction,in.junction,interdict,inter.dict
distillate,di.still.ate,distill,di.still
catalyst,cata.lyst,catastrophe,cata.strophe
catalyst,cata.lyst,catalogue,cata.logue
coagulate,co.ag.ul.ate,agent,ag.ent
emulsion,e.mul.sion,emollient,e.moll.ient
emulsion,e.mul.sion,emolument,e.molu.ment
varnish,varn.ish,vernacular,vern.acular
apparatus,ap.para.tus,asparagus,as.para.gus
apparatus,ap.para.tus,parrot,parr.ot
indictment,in.dict.ment,indict,in.dict
indictment,in.dict.ment,dictator,dict.ator
allegation,al.leg.ation,allege,al.lege
allegation,al.leg.ation,allegory,al.leg.ory
delirium,de.lir.ium,delirious,de.lir.ious
delirium,de.lir.ium,delusion,de.lu.sion
dysphoria,dys.phor.ia,aphorism,a.phor.ism
dysphoria,dys.phor.ia,euphoria,eu.phor.ia
dysphoria,dys.phor.ia,metaphor,meta.phor
dysphoria,dys.phor.ia,anhedonia,an.hedon.ia
dysphoria,dys.phor.ia,aphasia,a.phas.ia
hypocrite,hypo.crite,hypocrisy,hypo.crisy
hypocrite,hypo.crite,hypothetical,hypo.the.tical
hypocrite,hypo.crite,hypodermic,hypo.dermic
hypocrite,hypo.crite,hypothermia,hypo.thermia
somnambulism,somn.ambul.ism,insomnia,in.somn.ia
somnambulism,somn.ambul.ism,ambulance,ambul.ance
convulsion,con.vul.sion,convolution,con.volu.tion
allergy,al.lergy,allergies,al.lergies
fracture,fract.ure,refractory,re.fract.ory
fracture,fract.ure,refract,re.fract
fracture,fract.ure,infraction,in.fract.ion
fracture,fract.ure,fraction,fract.ion
ailment,ail.ment,ailing,ail.ing
fulcrum,ful.crum,simulacrum,simula.crum
pulley,pull.ey,pullet,pull.et
pierce,pier.ce,fierce,fier.ce
insomnia,in.somn.ia,somnambulant,somn.ambulant
insomnia,in.somn.ia,amnesia,a.mnes.ia
insomnia,in.somn.ia,soporific,sopor.ific
asthma,asth.ma,miasma,mi.asma
asthma,asth.ma,allergy,al.lergy
aphasia,a.phas.ia,emphasize,em.phas.ize
aphasia,a.phas.ia,dysphoria,dys.phor.ia
flatulence,flat.ul.ence,flatus,flat.us
amnesia,a.mnes.ia,amnesty,a.mnes.ty
amnesia,a.mnes.ia,insomnia,in.somn.ia
neurosis,neuro.sis,neural,neur.al
neurosis,neuro.sis,neurology,neuro.logy
neurosis,neuro.sis,neurological,neuro.logic.al
leprosy,lep.rosy,epilepsy,epi.lepsy
hypochondria,hypo.chondr.ia,mitochondria,mito.chondr.ia
hypochondria,hypo.chondr.ia,chondral,chondr.al
hypochondria,hypo.chondr.ia,hypothesis,hypo.thesis
hypochondria,hypo.chondr.ia,hypocrite,hypo.crite
metrorrhagia,metro.rrh.agia,hemorrhage,hemo.rrh.age
diphtheria,diph.ther.ia,phthisis,ph.th.isis
diphtheria,diph.ther.ia,dipsomania,dipso.mania
encephalitis,en.ce.phal.itis,cephalic,ce.phal.ic
encephalitis,en.ce.phal.itis,cerebrum,cerebr.um
encephalitis,en.ce.phal.itis,cerebral,cerebr.al
cholecystitis,chole.cyst.itis,cholesterol,chole.ster.ol
gastritis,gastr.itis,gastronomy,gastr.onomy
arthritis,arthr.itis,author,auth.or
arthritis,arthr.itis,arthur,Arth.ur
lithiasis,lith.ia.sis,iasis,ia.sis
languish,lan.gu.ish,anguish,an.gu.ish
languish,lan.gu.ish,nadj,n.adj
elicit,e.lic.it,illicit,il.lic.it
elicit,e.lic.it,delicious,de.lic.ious
inordinate,in.ordinate,extraordinary,extra.ordinary
inordinate,in.ordinate,subordinate,sub.ordinate
inordinate,in.ordinate,coordinate,co.ordinate
covenant,cove.nant,alcove,al.cove
incorporate,in.corp.or.ate,incorporation,in.corp.or.ation
incorporate,in.corp.or.ate,corpus,corp.us
incorporate,in.corp.or.ate,corpse,corp.se
reciprocity,reci.pro.city,reciprocal,reci.pro.cal
megalomania,mega.lo.mania,megawatt,mega.watt
megalomania,mega.lo.mania,megabyte,mega.byte
megalomania,mega.lo.mania,magnificent,magn.ific.ent
gynephobia,gyne.phobia,gynecology,gyne.cology
gynephobia,gyne.phobia,misogynist,miso.gyn.ist
impotence,im.pot.ence,impotent,im.pot.ent
collateral,col.later.al,bilateral,bi.later.al
dividend,di.vi.dend,divisor,di.vi.sor
capitation,capit.ation,capital,capit.al
capitation,capit.ation,capitulation,capit.ul.ation
capitation,capit.ation,decapitation,de.capit.ation
capitation,capit.ation,decapitate,de.capit.ate
capitation,capit.ation,captivating,capti.vating
exchequer,ex.che.quer,cheque,che.que
revenue,re.ve.nue,venue,ven.ue
revenue,re.ve.nue,avenue,a.ven.ue
reimburse,re.im.burse,disburse,dis.burse
reimburse,re.im.burse,restitute,re.stitute
reimburse,re.im.burse,indemnification,in.dem.nifi.cation
incumbent,in.cumb.ent,encumber,en.cumb.er
incumbent,in.cumb.ent,cucumber,cu.cumb.er
liability,li.ability,reliability,re.li.ability
absolve,ab.solve,dissolve,dis.solve
absolve,ab.solve,abrogate,ab.rogate
abrogate,ab.rog.ate,prerogative,pre.rog.ative
abrogate,ab.rog.ate,arrogate,ar.rog.ate
privilege,priv.il.ege,private,priv.ate
prerogative,pre.rog.ative,rogue,rog.ue
prerogative,pre.rog.ative,arrogant,ar.rog.ant
prerogative,pre.rog.ative,derogatory,de.rog.atory
prerogative,pre.rog.ative,surrogate,sur.rog.ate
prerogative,pre.rog.ative,nv,n.v
prerogative,pre.rog.ative,perquisite,per.quisite
perquisite,per.quis.ite,exquisite,ex.quis.ite
perquisite,per.quis.ite,requisite,re.quis.ite
perquisite,per.quis.ite,disquisition,dis.quis.ition
perquisite,per.quis.ite,prerogative,pre.rog.ative
denomination,de.nomin.ation,denominational,de.nomin.ation.al
denomination,de.nomin.ation,denominator,de.nomin.ator
denomination,de.nomin.ation,nomination,nomin.ation
denomination,de.nomin.ation,nominal,nomin.al
bullion,bull.ion,billion,bill.ion
bullion,bull.ion,million,mill.ion
extort,ex.tort,extortion,ex.tort.ion
extort,ex.tort,torture,tort.ure
extort,ex.tort,nv,n.v
extort,ex.tort,exertion,ex.ert.ion
embezzle,em.bezz.le,pilfer,pil.fer
peculate,pecu.late,pecuniary,pecu.ni.ary
peculate,pecu.late,impecunious,im.pecu.ni.ous
peculate,pecu.late,penury,penu.ry
honorarium,honor.ar.ium,honorary,honor.ary
emolument,e.molu.ment,emulsion,e.mul.sion
emolument,e.molu.ment,emollient,e.molli.ent
emolument,e.molu.ment,honorarium,honor.ar.ium
remunerate,re.muner.ate,ammuni,am.muni
requite,re.quite,requital,re.quit.al
requite,re.quite,equity,e.quity
requite,re.quite,acquittal,ac.quit.tal
requite,re.quite,require,re.quire
requite,re.quite,requisite,re.quis.ite
requital,re.quit.al,requite,re.quite
requital,re.quit.al,equity,e.quity
requital,re.quit.al,require,re.quire
requital,re.quit.al,reprisal,re.pris.al
restitution,re.sti.tu.tion,constitution,con.sti.tu.tion
restitution,re.sti.tu.tion,institution,in.sti.tu.tion
restitution,re.sti.tu.tion,destitution,de.sti.tu.tion
manifest,mani.fest,manifesto,mani.festo
auspices,au.spic.es,auspicious,au.spic.ious
ultimatum,ul.tim.atum,ultimate,ul.tim.ate
ultimatum,ul.tim.atum,ultra,ul.tra
herbivore,herb.i.vore,carnivore,carn.i.vore
carnivore,carni.vore,carnival,carni.val
carnivore,carni.vore,devour,de.vour
carnivore,carni.vore,herbivore,herbi.vore
carnivore,carni.vore,cannibal,can.nib.al
holocaust,holo.caust,holograph,holo.graph
duel,du.el,duo,du.o
duel,du.el,duet,du.et
reprisal,re.pris.al,reprise,re.prise
reprisal,re.pris.al,appraisal,ap.prais.al
reprisal,re.pris.al,requite,re.quite
reprisal,re.pris.al,reprieve,re.pri.eve
anatomy,ana.tomy,dichotomy,di.cho.tomy
anatomy,ana.tomy,epitome,epi.tome
sentinel,sen.tin.el,sentry,sen.try
cavalry,caval.ry,chivalry,chival.ry
cavalcade,caval.cade,cavalry,caval.ry
cavalcade,caval.cade,chivalry,chival.ry
misfortune,mis.for.tune,fortune,for.tune
parturition,part.ur.ition,gestation,gest.ation
scourge,scour.ge,courage,cour.age
skirmish,skirm.ish,squeamish,squeam.ish
assail,as.sail,unassailable,un.as.sail.able
incursion,in.cur.sion,incur,in.cur
incursion,in.cur.sion,excursion,ex.cur.sion
incursion,in.cur.sion,infringe,in.fringe
lesion,le.sion,lesson,le.sson
modicum,mod.ic.um,moderate,mod.er.ate
paucity,pau.city,paltry,pal.try
paucity,pau.city,scarcity,scar.city
discomfit,dis.com.fit,discomfort,dis.com.fort
discomfit,dis.com.fit,nv,n.v
quandary,qu.and.ary,quand,qu.and
quandary,qu.and.ary,squander,squ.and.er
predicament,pre.dica.ment,prevaricate,pre.vari.cate
predicament,pre.dica.ment,imprecation,im.pre.cation
adversity,ad.vers.ity,adverse,ad.verse
adversity,ad.vers.ity,adversary,ad.vers.ary
adversity,ad.vers.ity,advertise,ad.vert.ise
adversity,ad.vers.ity,diversity,di.vers.ity
tribulation,trib.ul.ation,tributary,tribut.ary
dispense,dis.pense,expense,ex.pense
dispense,dis.pense,recompense,re.com.pense
dispense,dis.pense,vn,v.n
dispense,dis.pense,disperse,dis.perse
dispense,dis.pense,dispersal,dis.pers.al
dispense,dis.pense,dispose,dis.pose
premises,pre.mis.es,premise,pre.mise
penurious,pen.uri.ous,penury,pen.ury
penurious,pen.uri.ous,impecunious,impecuni.ous
penurious,pen.uri.ous,pecuniary,pecuni.ary
necessity,ne.cess.ity,necessary,ne.cess.ary
necessity,ne.cess.ity,requisite,re.quis.ite
indigent,in.dig.ent,prodigal,pro.dig.al
indigent,in.dig.ent,prodigy,pro.dig.y
indigent,in.dig.ent,indignant,indign.ant
indigent,in.dig.ent,indigene,indi.gene
indigent,in.dig.ent,indigenous,indi.genous
impecunious,im.pecuni.ous,pecuniary,pecuni.ary
privation,priv.ation,deprivation,de.priv.ation
privation,priv.ation,destitute,de.stitute
interstice,inter.st.ice,solstice,sol.st.ice
crevice,crev.ice,crevasse,crev.asse
crevice,crev.ice,fissure,fiss.ure
crevasse,crev.asse,crevice,crev.ice
tinder,tin.der,tinker,tin.ker
superfluous,super.flu.ous,profusion,pro.fusion
superfluous,super.flu.ous,plethora,ple.tho.ra
superfluous,super.flu.ous,excessive,ex.cessive
superfluous,super.flu.ous,exiguous,ex.ig.uous
bounteous,bount.eous,bounty,bount.y
bounteous,bount.eous,bountiful,bount.iful
prosper,pro.sper,desperate,de.sper.ate
exertion,ex.ert.ion,inert,in.ert
exertion,ex.ert.ion,inertia,in.ert.ia
opus,op.us,opulence,op.ul.ence
opulent,opu.lent,corpulent,corpu.lent
graffiti,graf.fiti,nv,n.v
insulin,in.sul.in,insular,in.sul.ar
chromosome,chromo.some,chromium,chrom.ium
leukemia,leuk.em.ia,leucocyte,leuco.cyte
corpuscle,corp.us.cle,corpse,corp.se
sphygmus,sphyg.mus,asphyxia,a.sphyx.ia
auricle,au.ri.cle,oracle,o.ra.cle
auricle,au.ri.cle,aural,au.ral
viscera,vi.sce.ra,viscose,visc.ose
cerebellum,cere.bell.um,cerebr,cere.br
cerebrum,cere.brum,cerebral,cere.bral
cerebrum,cere.brum,cerebellum,cere.bellum
intestine,in.test.ine,testicle,test.ic.le
spleen,sple.en,netic,n.etic
hunchback,hunch.back,huckleback,huckle.back
hunchback,hunch.back,huckster,huck.ster
esophagus,eso.phag.us,astrophage,astro.phage
dentures,dent.ures,indent,in.dent
dentures,dent.ures,indenture,in.dent.ure
dentures,dent.ures,indentation,in.dent.ation
incisor,in.cis.or,incise,in.cise
laurel,lau.rel,laureate,lau.re.ate
cognomen,cogno.men,cognitive,cogni.tive
sobriquet,so.bri.quet,bouquet,bou.quet
sobriquet,so.bri.quet,banquet,ban.quet
incense,in.cense,censer,cens.er
incense,in.cense,census,cens.us
incense,in.cense,censure,cens.ure
incense,in.cense,vn,v.n
incense,in.cense,incentive,in.cent.ive
muffler,muff.ler,muffle,muff.le
muffler,muff.ler,muffin,muff.in
muffler,muff.ler,silencer,silenc.er
tenet,ten.et,tenant,ten.ant
tenet,ten.et,tenor,ten.or
dictum,dict.um,podium,pod.ium
cartwright,cart.wright,cartographer,cart.ographer
illustrator,il.lustr.ator,illustrate,il.lustr.ate
illustrator,il.lustr.ator,lustrous,lustr.ous
illustrator,il.lustr.ator,illustrious,il.lustr.ious
lampoon,lamp.oon,buffoon,buff.oon
lampoon,lamp.oon,harpoon,harp.oon
percussionist,per.cussion.ist,discussion,dis.cussion
villain,vill.ain,captain,capt.ain
villain,vill.ain,village,vill.age
impresario,im.pres.ario,impressive,im.pres.sive
impresario,im.pres.ario,scenario,scen.ario
impresario,im.pres.ario,lothario,loth.ario
impresario,im.pres.ario,ontario,ont.ario
anhedonia,an.hedon.ia,dysphoria,dys.phor.ia
sanguine,san.guine,sangfroid,sang.froid
sanguine,san.guine,consanguinity,con.san.guini.ty
subordinate,sub.ordinate,inordinate,in.ordinate
subordinate,sub.ordinate,coordinate,co.ordinate
lessor,less.or,lessee,less.ee
respondent,re.spond.ent,despondent,de.spond.ent
respondent,re.spond.ent,correspondent,cor.respond.ent
respondent,re.spond.ent,responsive,respon.sive
appellant,ap.pell.ant,appe,ap.pe
appellant,ap.pell.ant,nv,n.v
appellant,ap.pell.ant,appellation,ap.pell.ation
appellant,ap.pell.ant,repellent,re.pell.ent
appellant,ap.pell.ant,compelling,com.pell.ing
attorney,at.torn.ey,solicitor,sol.icit.or
proponent,pro.pon.ent,exponent,ex.pon.ent
proponent,pro.pon.ent,opponent,op.pon.ent
protagonist,pro.tag.on.ist,antagonist,an.tag.on.ist
adversary,ad.vers.ary,adversity,ad.vers.ity
adversary,ad.vers.ary,university,uni.vers.ity
gladiator,glad.iator,glider,glid.er
mannequin,man.ne.quin,manacle,man.acle
profligate,pro.flig.ate,afflict,af.flict
profligate,pro.flig.ate,inflict,in.flict
profligate,pro.flig.ate,conflict,con.flict
profligate,pro.flig.ate,nv,n.v
prodigal,pro.dig.al,prodigy,pro.digy
prodigal,pro.dig.al,indigent,in.dig.ent
libertine,liber.tine,liberate,liber.ate
beneficiary,bene.fici.ary,benefactor,bene.fact.or
benefactor,bene.factor,beneficiary,bene.ficiary
sluggard,slug.gard,sluggish,slug.gish
sluggard,slug.gard,braggart,brag.gart
rookie,roo.kie,cookie,coo.kie
neophyte,neo.phyte,xerophyte,xero.phyte
neophyte,neo.phyte,halophyte,halo.phyte
fledgling,fledg.ling,fledged,fledg.ed
stripling,strip.ling,stripper,stripp.er
stripling,strip.ling,sapling,sap.ling
progenitor,pro.gen.itor,progeny,pro.gen.y
progenitor,pro.gen.itor,genitals,gen.itals
disciple,dis.cip.le,discipline,dis.cip.line
disciple,dis.cip.le,apprentice,ap.prent.ice
disciple,dis.cip.le,prentice,prent.ice
preceptor,pre.cept.or,receptor,re.cept.or
preceptor,pre.cept.or,precept,pre.cept
solitary,solit.ary,solidary,solid.ary
solitary,solit.ary,solidarity,solid.arity
celibate,ce.lib.ate,celibacy,ce.lib.acy
doctrinaire,doc.trin.aire,doctrine,doc.trine
doctrinaire,doc.trin.aire,questionnaire,question.naire
doctrinaire,doc.trin.aire,concessionaire,concession.aire
doctrinaire,doc.trin.aire,millionaire,million.aire
iconoclast,icono.clast,biblioclast,biblio.clast
maverick,mave.rick,limerick,lime.rick
pedant,ped.ant,pendant,pend.ant
pedant,ped.ant,pennant,pen.nant
dissident,dis.sid.ent,nv,n.v
dissenter,dis.sent.er,dissident,dis.sid.ent
introvert,intro.vert,extorvert,extor.vert
sapient,sapi.ent,sapling,sap.ling
savant,sav.ant,pedant,ped.ant
glutton,glut.ton,gluten,glut.en
gourmand,gour.mand,gourmet,gour.met
gourmand,gour.mand,reprimand,repri.mand
gourmand,gour.mand,nv,n.v
gourmand,gour.mand,command,com.mand
gourmand,gour.mand,epicure,epi.cure
gourmet,gour.met,gourmand,gour.mand
epicure,epi.cure,procure,pro.cure
epicure,epi.cure,secure,se.cure
epicure,epi.cure,obscure,obs.cure
epicure,epi.cure,gourmet,gour.met
epicure,epi.cure,gourmand,gour.mand
epicure,epi.cure,epicurean,epi.curean
lapidary,lap.id.ary,dilapidated,di.lap.id.ated
bibliophile,biblio.phile,paedophile,paedo.phile
herdsman,herds.man,wrangler,wr.angler
chandler,chand.ler,chandelier,chande.lier
vintner,vint.ner,vintage,vint.age
vintage,vint.age,vintner,vint.ner
peddler,pedd.ler,toddler,todd.ler
peddler,pedd.ler,pebble,pebb.le
peddler,pedd.ler,huckster,huck.ster
heckle,heck.le,huckleback,huckle.back
flagellant,flag.ell.ant,flagellum,flag.ell.um
detractor,de.tract.or,derogatory,de.rog.atory
detractor,de.tract.or,protract,pro.tract
detractor,de.tract.or,protractor,pro.tract.or
detractor,de.tract.or,contract,con.tract
retinue,re.tinue,continue,con.tinue
chiropodist,chiro.pod.ist,podiatry,pod.iatry
chiropodist,chiro.pod.ist,chiral,chir.al
chiropodist,chiro.pod.ist,chiromancer,chiro.mancer
tanner,tan.ner,tannin,tan.nin
lionize,lion.ize,leonine,leo.nine
stalwart,stal.wart,thwart,th.wart
stalwart,stal.wart,bulwark,bul.wark
supplicant,sup.plic.ant,application,ap.plic.ation
supplicant,sup.plic.ant,complicate,com.plic.ate
proletarian,pro.le.tar.ian,plebe,ple.be
sheriff,she.riff,cliff,cl.iff
potentate,pot.ent.ate,potential,pot.ent.ial
potentate,pot.ent.ate,impotent,im.pot.ent
potentate,pot.ent.ate,portent,port.ent
succubus,suc.cub.us,incubus,in.cub.us
succubus,suc.cub.us,concubine,con.cub.ine
incubus,in.cub.us,succubus,suc.cub.us
concubine,con.cub.ine,incubus,in.cub.us
ignoramus,ig.nor.amus,ignorant,ig.nor.ant
ignoramus,ig.nor.amus,hippopotamus,hippo.pot.amus
scrub,sc.rub,shrub,sh.rub
poser,pos.er,poseur,pos.eur
constituent,con.stitu.ent,constitute,con.stitute
constituent,con.stitu.ent,constitution,con.stitu.tion
denizen,deni.zen,citizen,citi.zen
multitude,multi.tude,multiple,multi.ple
populace,popul.ace,populist,popul.ist
populace,popul.ace,popular,popul.ar
venue,ven.ue,revenue,re.ven.ue
venue,ven.ue,avenue,a.ven.ue
parvenu,par.venu,revenue,re.ven.ue
parvenu,par.venu,venue,ven.ue
parvenu,par.venu,avenue,a.ven.ue
patrician,pa.tri.cian,patrick,Pa.tri.ck
patrician,pa.tri.cian,patriot,pa.tri.ot
patrician,pa.tri.cian,patri,pa.tri
magnate,magn.ate,magnitude,magn.itude
magnate,magn.ate,magnificent,magn.ific.ent
magnate,magn.ate,magnet,magn.et
tycoon,ty.coon,cocoon,co.coon
tycoon,ty.coon,racoon,ra.coon
tycoon,ty.coon,raccoon,rac.coon
executioner,exe.cut.ion.er,execution,exe.cut.ion
executioner,exe.cut.ion.er,execute,exe.cute
executioner,exe.cut.ion.er,executor,exe.cut.or
emissary,e.miss.ary,emission,e.miss.ion
emissary,e.miss.ary,emit,e.mit
emissary,e.miss.ary,envoy,en.voy
emperor,emp.er.or,empire,emp.ire
emperor,emp.er.or,empty,emp.ty
imperative,im.per.ative,imperial,im.peri.al
imperative,im.per.ative,imperious,im.peri.ous
mercenary,mer.cen.ary,merch,mer.ch
mercenary,mer.cen.ary,mercy,mer.cy
charlatan,char.la.tan,satan,sa.tan
charlatan,char.la.tan,titan,ti.tan
impostor,im.post.or,impost,im.post
impostor,im.post.or,impose,im.pose
martinet,mar.tin.et,martin,mar.tin
braggart,brag.gart,niggard,nig.gard
braggart,brag.gart,sluggard,slug.gard
braggart,brag.gart,laggard,lag.gard
ingrate,in.grate,grateful,grate.ful
prig,p.rig,rigor,rig.or
prig,p.rig,rigorous,rig.orous
prig,p.rig,prude,p.rude
philanthropist,phil.anth.rop.ist,misanthrope,mis.anth.rope
philanthropist,phil.anth.rop.ist,anthropology,anth.rop.ology
misanthrope,mis.anth.rope,anthrop,anth.rop
misanthrope,mis.anth.rope,philanthropist,phil.anthrop.ist
vagrant,vag.rant,vague,vag.ue
arbiter,ar.bit.er,arbitrator,ar.bitr.ator
arbiter,ar.bit.er,arbitrary,ar.bitr.ary
arbitrator,arbi.tra.tor,traitor,trait.or
arbitrator,arbi.tra.tor,arbiter,arbi.ter
arbitrator,arbi.tra.tor,arbitrary,arbi.trary
pacifier,paci.fier,pacific,paci.fic
surrogate,sur.rog.ate,prerogative,pre.rog.ative
surrogate,sur.rog.ate,rogue,rog.ue
surrogate,sur.rog.ate,arrogant,ar.rog.ant
surrogate,sur.rog.ate,derogatory,de.rog.atory
surrogate,sur.rog.ate,nv,n.v
presenter,pre.sent.er,present,pre.sent
presenter,pre.sent.er,presentation,pre.sent.ation
presenter,pre.sent.er,dissenter,dis.sent.er
rucksack,ruck.sack,ransack,ran.sack
renegade,re.neg.ade,negative,neg.ative
renegade,re.neg.ade,relegate,re.leg.ate
apostate,apo.state,prostate,pro.state
apostate,apo.state,apostrophe,apo.strophe
malcontent,mal.con.tent,content,con.tent
herald,her.ald,emerald,emer.ald
herald,her.ald,donald,don.ald
gorilla,gor.illa,vanilla,van.illa
gorilla,gor.illa,guerrilla,guerr.illa
gorilla,gor.illa,bonobo,bo.nobo
gorilla,gor.illa,chimpanzee,chim.pan.zee
chortle,chort.le,chuckle,chuck.le
gaggle,ga.ggle,goggles,go.ggles
gaggle,ga.ggle,google,goo.gle
hedgehog,hedge.hog,hegemony,hege.mony
rhinoceros,rhino.cer.os,ceros,cer.os
tigress,tig.ress,tiger,tig.er
giraffe,gi.raffe,graffiti,graf.fiti
flock,fl.ock,block,bl.ock
beverage,be.ver.age,beverly,be.ver.ly
cannibal,can.nib.al,cannabis,can.nab.is
predator,pred.ator,dictator,dict.ator
predator,pred.ator,conspirator,conspir.ator
crustacean,crust.acean,carapace,cara.pace
mollusc,moll.usc,mollify,moll.ify
mollusc,moll.usc,emollient,e.moll.ient
reptile,rept.ile,surreptitious,sur.rept.itious
mongrel,mong.rel,doggerel,dog.ge.rel
mongrel,mong.rel,warmonger,war.mong.er
ungulate,un.gu.late,unguent,un.gu.ent
invertebrate,in.verte.brate,vibrate,vi.brate
invertebrate,in.verte.brate,celebrate,cele.brate
mosquito,mos.quit.o,mosque,mos.que
crayfish,cray.fish,crayon,cray.on
flounder,fl.oun.der,founder,f.oun.der
dinosaur,dino.saur,centaur,cent.aur
thrush,th.rush,thrust,th.rust
thrush,th.rush,thrash,th.rash
petrel,petr.el,petrol,petr.ol
petrel,petr.el,petroleum,petr.ol.eum
petrel,petr.el,petrify,petr.ify
grouse,gr.ouse,house,h.ouse
grouse,gr.ouse,mouse,m.ouse
grouse,gr.ouse,gross,gr.oss
vanilla,van.illa,gorilla,gor.illa
cactus,cac.tus,caucus,cauc.us
vegetation,vege.tation,vegetable,vege.table
sallow,sall.ow,willow,will.ow
eucalyptus,eu.calyp.tus,apocalypse,apo.calyp.se
cypress,cy.press,cyprus,Cy.prus
scorpion,scor.pion,scorch,scor.ch
scorpion,scor.pion,scourge,scour.ge
caterpillar,cater.pillar,caterer,cater.er
foliage,foli.age,plumage,plum.age
enzyme,en.zyme,zymurgy,zym.urgy
efflorescence,ef.flor.esc.ence,efflorescent,ef.flor.esc.ent
efflorescence,ef.flor.esc.ence,florence,flor.ence
efflorescence,ef.flor.esc.ence,escent,esc.ent
efflorescence,ef.flor.esc.ence,escence,esc.ence
xerophyte,xero.phyte,xerox,xero.x
xerophyte,xero.phyte,xerography,xero.graphy
xerophyte,xero.phyte,neophyte,neo.phyte
heliotrope,helio.trope,helicopter,heli.copter
conifer,con.ifer,jennifer,Jenn.ifer
chrysanthemum,chrys.anthem.um,chrysalis,chrys.alis
chrysanthemum,chrys.anthem.um,chrysograph,chrys.ograph
carapace,cara.pace,caravan,cara.van
carapace,cara.pace,caramel,cara.mel
fluff,flu.ff,fluffy,flu.ffy
fluff,flu.ff,flurry,flu.rry
fluff,flu.ff,flutter,flu.tter
trowel,tr.ow.el,towel,t.ow.el
spindle,spind.le,spindly,spind.ly
pestle,pest.le,epistle,epi.stle
rivet,riv.et,river,riv.er
rivet,riv.et,velvet,velv.et
nippers,ni.pper.s,nipple,ni.pple
fascia,fa.sc.ia,cia,c.ia
fascia,fa.sc.ia,fascist,fa.sc.ist
parquet,par.quet,banquet,ban.quet
parquet,par.quet,bouquet,bou.quet
couch,c.ouch,coach,c.oach
couch,c.ouch,crouch,cr.ouch
couch,c.ouch,vin,vi.n
fabric,fab.ric,fable,fab.le
crochet,cro.chet,clich,cli.ch
crochet,cro.chet,cachet,ca.chet
crochet,cro.chet,sachet,sa.chet
embroidery,em.broid.ery,embroider,em.broid.er
stencil,sten.cil,pencil,pen.cil
stencil,sten.cil,ography,o.graphy
filigree,fili.gree,filibuster,fili.buster
intellect,intel.lect,intellectual,intel.lect.ual
intellect,intel.lect,intelligent,intell.ig.ent
meteorite,me.teor.ite,meteor,me.teor
meteorite,me.teor.ite,meteorology,me.teor.ology
gravel,grav.el,avel,av.el
cobblestone,cobble.stone,cobbler,cobbl.er
flint,f.lint,splint,sp.lint
turquoise,tur.quo.ise,turkey,Tur.key
sapphire,sap.phire,sapling,sap.ling
plutolatry,pluto.latry,idolatry,ido.latry
pragmatism,prag.mat.ism,pragmatic,prag.mat.ic
pragmatism,prag.mat.ism,practice,pract.ice
eclectic,ec.lect.ic,eccentric,ec.centr.ic
jingoism,jingo.ism,jingle,jing.le
probity,prob.ity,probation,prob.ation
probity,prob.ity,approbation,ap.prob.ation
probity,prob.ity,probability,prob.ability
probity,prob.ity,veracity,vera.city
veracity,ver.a.city,verify,ver.ify
impropriety,im.pro.priety,proper,pro.per
impropriety,im.pro.priety,propriety,pro.priety
flippant,flip.pant,unfl,un.fl
flippant,flip.pant,ppable,p.pable
demeanour,de.mean.our,misdemeano,mis.de.mean.o
demeanour,de.mean.our,deportment,de.port.ment
demeanour,de.mean.our,comportment,com.port.ment
demeanour,de.mean.our,portent,port.ent
comport,com.port,comportment,com.port.ment
comport,com.port,deportment,de.port.ment
comport,com.port,portent,port.ent
deportment,de.port.ment,comportment,com.port.ment
decorum,de.cor.um,decor,de.cor
decorum,de.cor.um,decorate,de.cor.ate
decorum,de.cor.um,encomium,en.com.ium
deference,defer.ence,obedient,obe.di.ent
deference,defer.ence,obeisance,obe.is.ance
complaisance,com.plais.ance,complac,com.plac
complaisance,com.plais.ance,complain,com.plain
complaisance,com.plais.ance,explain,ex.plain
speculate,spec.ul.ate,special,spec.ial
speculate,spec.ul.ate,speculator,spec.ul.ator
cogitate,cog.it.ate,cognate,cogn.ate
contemporary,con.tempor.ary,temporary,tempor.ary
contemplate,con.templ.ate,template,templ.ate
contemplate,con.templ.ate,contemplation,con.templ.ation
contemplate,con.templ.ate,contemporary,con.tempor.ary
imprecation,im.pre.cation,implication,im.pli.cation
imprecation,im.pre.cation,imprecise,im.pre.cise
imprecation,im.pre.cation,impresario,im.pre.sario
imprecation,im.pre.cation,impression,im.pre.ssion
imprecation,im.pre.cation,prevaricate,pre.vari.cate
imprecation,im.pre.cation,predicament,pre.dica.ment
encomium,en.com.ium,commie,com.mie
encomium,en.com.ium,comic,com.ic
encomium,en.com.ium,comedy,com.edy
encomium,en.com.ium,euphemism,eu.phem.ism
encomium,en.com.ium,decorum,de.corum
encomium,en.com.ium,eulogy,eu.logy
eulogy,eu.logy,elegy,e.legy
approbation,ap.prob.ation,approve,ap.prove
approbation,ap.prob.ation,probation,prob.ation
delinquency,de.linqu.ency,relinquish,re.linqu.ish
delinquency,de.linqu.ency,delinquent,de.linqu.ent
peccadillo,pecca.dillo,impeccable,im.pecca.ble
foible,foi.ble,feeble,fee.ble
deficiency,de.fici.ency,deficit,de.fici.t
deficiency,de.fici.ency,sufficient,suf.fici.ent
deficiency,de.fici.ency,efficient,ef.fici.ent
deficiency,de.fici.ency,proficient,pro.fici.ent
discompose,dis.compose,decompose,de.compose
discompose,dis.compose,discomfort,dis.comfort
discompose,dis.compose,discomfit,dis.comfit
discompose,dis.compose,distraught,dis.tr.aught
gabble,gabb.le,jabber,jabb.er
stammer,stam.mer,starmer,star.mer
stammer,stam.mer,stutter,stut.ter
bumble,bum.ble,bumper,bum.per
bumble,bum.ble,tumble,tum.ble
bumble,bum.ble,stumble,stum.ble
bumble,bum.ble,fumble,fum.ble
bumble,bum.ble,vtvi,vt.vi
bumble,bum.ble,humble,hum.ble
explicate,ex.plicate,complicate,com.plicate
explicate,ex.plicate,implicate,im.plicate
elucidate,e.lucid.ate,eluminate,e.luminate
elucidate,e.lucid.ate,illuminate,il.lumin.ate
pretext,pre.text,premise,pre.mise
pretext,pre.text,context,con.text
perjury,per.jury,perjure,per.jure
perjury,per.jury,forgery,forg.ery
invective,in.vect.ive,vector,vect.or
opprobrium,op.probr.ium,obloquy,ob.loquy
libel,lib.el,liberal,liber.al
calumny,ca.lum.ny,column,co.lumn
embroil,em.broil,imbroglio,im.broglio
imbroglio,im.brog.lio,embroil,em.broil
shriek,shr.iek,shrill,shr.ill
detonation,de.ton.ation,intonation,in.ton.ation
strident,stri.dent,stride,stri.de
strident,stri.dent,trident,tri.dent
cacophony,caco.phony,symphony,sym.phony
cacophony,caco.phony,raucous,rauc.ous
sonorous,son.or.ous,sonar,son.ar
sonorous,son.or.ous,sonic,son.ic
sonorous,son.or.ous,resonant,re.son.ant
sonorous,son.or.ous,consonant,con.son.ant
sonorous,son.or.ous,orotund,oro.tund
resonant,re.son.ant,consonant,con.son.ant
prevaricate,pre.vari.cate,predicament,pre.dica.ment
prevaricate,pre.vari.cate,imprecation,im.pre.cation
equivocate,equi.voc.ate,unequivocal,un.equi.vocal
equivocate,equi.voc.ate,advocate,ad.voc.ate
equivocate,equi.voc.ate,vocative,voc.ative
equivocate,equi.voc.ate,convocation,con.voc.ation
irony,iron.y,ironic,iron.ic
fluke,flu.ke,flute,flu.te
expediency,ex.pedi.ency,expedience,ex.pedi.ence
expediency,ex.pedi.ency,impediment,im.pedi.ment
repercussion,re.per.cussion,percussion,per.cussion
repercussion,re.per.cussion,concussion,con.cussion
repercussion,re.per.cussion,discussion,dis.cussion
vicissitude,vi.cissi.tude,narcissism,nar.cissi.sm
antiquity,anti.quity,equity,e.quity
antiquity,anti.quity,antique,anti.que
transient,transi.ent,intransigent,in.transi.gent
transient,transi.ent,transitory,transi.tory
squall,squ.all,squash,squ.ash
magnitude,magn.itude,magnificent,magn.ific.ent
magnitude,magn.itude,magnate,magn.ate
apogee,apo.gee,perigee,peri.gee
fulminate,ful.min.ate,fulmination,ful.min.ation
decompose,de.compose,discompose,dis.compose
icicle,ic.icle,testicle,test.icle
monsoon,mon.soon,month,mon.th
drizzle,dri.zzle,puzzle,pu.zzle
drizzle,dri.zzle,dazzle,da.zzle
cyclone,cycl.one,recycle,re.cycle
denominator,de.nomin.ator,nominate,nomin.ate
denominator,de.nomin.ator,nominal,nomin.al
denominator,de.nomin.ator,denomination,de.nomin.ation
denominator,de.nomin.ator,denominational,de.nomin.ational
decibel,deci.bel,decimal,deci.mal
congruent,con.gru.ent,congruence,congru.ence
congruent,con.gru.ent,gruesome,grue.some
divisor,di.vi.sor,divide,di.vi.de
divisor,di.vi.sor,dividend,di.vi.dend
circumference,cir.cum.fer.ence,circumlocution,circum.locution
calibrate,ca.libr.ate,calibre,ca.libre
bisect,bi.sect,dichotomy,di.chotomy
bisect,bi.sect,dissect,dis.sect
ammonia,am.mon.ia,ammon,Am.mon
ammonia,am.mon.ia,pneumonia,pneu.mon.ia
ammonia,am.mon.ia,kleptomania,klepto.mania
aluminium,a.lumin.ium,alum,a.lum
aluminium,a.lumin.ium,aluminum,a.lumin.um
aluminium,a.lumin.ium,illuminate,il.lumin.ate
palette,pal.ette,palate,pal.ate
stationery,station.ery,stationary,station.ary
stationery,station.ery,stationer,station.er
tresses,tress.es,trestle,trest.le
cynosure,cyno.sure,canine,ca.nine
cynosure,cyno.sure,cynology,cyno.logy
lustrous,lus.trous,illustrator,il.lus.trator
lustrous,lus.trous,illustrious,il.lus.trious
lustrous,lus.trous,luscious,lusc.ious
equilibrium,equi.libr.ium,equanimity,equa.nimity
ellipsoid,el.lip.soid,ellipse,el.lip.se
ellipsoid,el.lip.soid,ellipsis,el.lip.sis
ellipsoid,el.lip.soid,lipse,lip.se
ellipse,el.lip.se,ellipsis,el.lip.sis
ellipse,el.lip.se,eclipse,ec.lip.se
distill,dis.till,distillate,dis.till.ate
diagonal,di.agon.al,pentagon,pent.agon
diagonal,di.agon.al,hexagon,hex.agon
resilience,re.sili.ence,elasticity,e.last.icity
radius,radi.us,radian,radi.an
radius,radi.us,radium,radi.um
radius,radi.us,radio,radi.o
quantum,quant.um,quantitative,quant.i.tative
quantum,quant.um,quadrant,quadr.ant
quadrant,qua.dr.ant,quadruple,qua.dr.up.le
quadrant,qua.dr.ant,nvadj,n.v.adj
quadrant,qua.dr.ant,quantum,quant.um
quadrant,qua.dr.ant,quanta,quant.a
polymer,poly.mer,polyester,poly.ester
polymer,poly.mer,polystyrene,poly.styr.ene
permutation,per.mut.ation,combination,com.bin.ation
percolate,per.col.ate,column,col.umn
percolate,per.col.ate,infiltrate,in.fil.trate
pentagon,pent.agon,penthouse,pent.house
oxidize,ox.id.ize,oxide,ox.ide
multiply,mul.ti.ply,multiple,mul.ti.ple
accordion,ac.cord.ion,accord,ac.cord
clapper,clap.per,nv,n.v
clapper,clap.per,clipper,clip.per
vibrate,vibr.ate,vibrant,vibr.ant
torque,tor.que,torture,tor.ture
torque,tor.que,vn,v.n
torque,tor.que,tourniquet,tour.ni.quet
sulfide,sulf.ide,sulfate,sulf.ate
sulfide,sulf.ide,sulfur,sulf.ur
sulfide,sulf.ide,sulphur,sulph.ur
vivace,viv.ace,vivid,viv.id
allegro,al.leg.ro,allege,al.lege
allegro,al.leg.ro,allegory,al.leg.ory
atonal,a.ton.al,tonality,ton.al.ity
diminuendo,di.minu.endo,crescendo,cre.scendo
diminuendo,di.minu.endo,dimin,di.min
diminuendo,di.minu.endo,diminutive,di.minu.tive
histrionic,his.tri.on.ic,history,his.tory
improvise,im.provise,provident,provid.ent
premiere,pre.mi.ere,premier,pre.mi.er
libretto,libr.etto,library,libr.ary
libretto,libr.etto,stiletto,stil.etto
scenario,scen.ario,scene,scen.e
scenario,scen.ario,scenery,scen.ery
scenario,scen.ario,mario,m.ario
scenario,scen.ario,impresario,impres.ario
effigy,ef.figy,figurine,figur.ine
effigy,ef.figy,caricature,caric.ature
relieve,re.lieve,releave,re.leave
figurine,fig.ur.ine,figure,fig.ure
figurine,fig.ur.ine,figurative,fig.ur.ative
figurine,fig.ur.ine,statutette,statut.ette
pastel,past.el,pestle,pest.le
pastel,past.el,pastor,past.or
collage,coll.age,college,coll.ege
collage,coll.age,collect,coll.ect
staccato,stac.cato,obbligato,ob.blig.ato
presto,pre.sto,allegro,al.leg.ro
obbligato,ob.blig.ato,staccato,stac.cato
burlesque,bur.les.que,grotesque,grot.esque
burlesque,bur.les.que,picturesque,pictur.esque
burlesque,bur.les.que,arabesque,arab.esque
epilogue,epi.logue,prologue,pro.logue
epilogue,epi.logue,eclogue,ec.logue
monologue,mono.log.ue,dialogue,dia.log.ue
monologue,mono.log.ue,catalogue,cata.log.ue
monologue,mono.log.ue,monograph,mono.graph
recital,re.cit.al,recite,re.cite
recital,re.cit.al,incite,in.cite
descant,des.cant,decant,de.cant
quartet,qu.art.et,quarter,qu.art.er
serenade,se.ren.ade,serene,se.rene
serenade,se.ren.ade,nocturne,noc.turne
rhapsody,rhaps.ody,threnody,thren.ody
inflect,in.flect,reflect,re.flect
inflect,in.flect,deflect,de.flect
inflect,in.flect,inflict,in.flict
manacle,man.acle,equin,e.quin
pillory,pill.ory,pillar,pill.ar
travelogue,travel.ogue,travelog,travel.og
biography,bio.graphy,autobiography,auto.bio.graphy
memoir,mem.oir,reservoir,re.serv.oir
pastiche,past.iche,cliche,cl.iche
pastiche,past.iche,stitch,st.itch
pastiche,past.iche,parody,par.ody
pastiche,past.iche,threnody,thren.ody
pastiche,past.iche,rhapsody,rhaps.ody
threnody,thren.ody,rhapsody,rhaps.ody
eclogue,ec.logue,prologue,pro.logue
eclogue,ec.logue,epilogue,epi.logue
idyll,i.dyll,idle,i.dle
idyll,i.dyll,idol,i.dol
epigram,epi.gram,hologram,holo.gram
epigram,epi.gram,diagram,dia.gram
epigram,epi.gram,telegram,tele.gram
epigram,epi.gram,kilogram,kilo.gram
epigram,epi.gram,program,pro.gram
repertoire,re.pert.oire,repertory,re.pert.ory
repertoire,re.pert.oire,reservoir,re.serv.oir
repertoire,re.pert.oire,repository,re.posit.ory
pathology,path.ology,apathetic,a.path.etic
pathology,path.ology,pathetic,path.etic
gerontology,ger.onto.logy,ontology,onto.logy
gerontology,ger.onto.logy,paleontology,pale.onto.logy
gerontology,ger.onto.logy,geriatric,ger.ia.tric
podiatry,pod.iatry,psychiatry,psych.iatry
podiatry,pod.iatry,pediatrics,ped.iatrics
podiatry,pod.iatry,chiropodist,chiro.pod.ist
ophthalmology,oph.thal.mology,lethal,le.thal
dermatology,derm.at.ology,pharmacology,pharm.ac.ology
jurisprudence,jur.is.prudence,jurist,jur.ist
deuterogamy,deu.ter.o.gamy,deutsch,deut.sch
ethnography,ethn.ography,ethnology,ethn.ology
ethnography,ethn.ography,ethnic,ethn.ic
census,cens.us,censor,cens.or
census,cens.us,incentive,in.cen.tive
census,cens.us,sensor,sens.or
census,cens.us,consensus,con.sens.us
census,cens.us,vn,v.n
archaeology,archae.ology,paleontology,pale.ont.ology
chronology,chron.ology,chronicle,chron.icle
chronology,chron.ology,chronograph,chron.ograph
anthropology,anth.rop.ology,anthrope,anth.rope
anthropology,anth.rop.ology,philanthropist,phil.anth.ropist
taxonomy,tax.o.nomy,typology,typ.o.logy
taxonomy,tax.o.nomy,gastronomy,gastr.o.nomy
taxonomy,tax.o.nomy,agronomy,agr.o.nomy
taxonomy,tax.o.nomy,economy,ec.o.nomy
taxonomy,tax.o.nomy,astronomy,astr.o.nomy
paleontology,pale.ont.ology,ontology,ont.ology
paleontology,pale.ont.ology,paleography,pale.ography
paleontology,pale.ont.ology,archeaology,arch.ea.ology
entomology,en.tom.ology,anatomy,ana.tomy
entomology,en.tom.ology,insect,in.sect
botany,bot.any,botanical,bot.an.ical
meteorology,mete.or.ology,meteor,mete.or
ecology,ec.ology,economy,ec.onomy
agronomy,agr.o.nomy,onomy,o.nomy
agronomy,agr.o.nomy,taxonomy,tax.o.nomy
agronomy,agr.o.nomy,gastronomy,gastr.o.nomy
agronomy,agr.o.nomy,economy,ec.o.nomy
agronomy,agr.o.nomy,astronomy,astr.o.nomy
petrology,petr.ology,petrol,petr.ol
speleology,spe.le.ology,spelunk,spe.lunk
speleology,spe.le.ology,spelunker,spe.lunk.er
speleology,spe.le.ology,splenetic,sple.netic
stratigraphy,strati.graphy,strategy,strate.gy
athletics,ath.let.ics,athlete,ath.lete
athletics,ath.let.ics,atheist,athe.ist
domesticity,dome.stic.ity,domestic,dome.stic
gastronomy,gastr.o.nomy,taxonomy,tax.o.nomy
gastronomy,gastr.o.nomy,agronomy,agr.o.nomy
gastronomy,gastr.o.nomy,economy,ec.o.nomy
gastronomy,gastr.o.nomy,astronomy,astr.o.nomy
hieroglyph,hiero.glyph,hier,hi.er
elocution,e.locu.tion,locution,locu.tion
elocution,e.locu.tion,eloquent,e.loqu.ent
horology,hor.ology,chronology,chron.ology
horology,hor.ology,chronograph,chron.ograph
horology,hor.ology,chronometer,chron.ometer
zymurgy,zym.ur.gy,zymology,zym.ology
zymurgy,zym.ur.gy,enzyme,en.zym.e
agnostic,agnos.tic,agnos,a.gnos
agnostic,agnos.tic,ticism,tic.ism
agnostic,agnos.tic,diagnosis,dia.gno.sis
agnostic,agnos.tic,ignoramus,ignor.amus
metaphysics,meta.phys.ics,physical,phys.ic.al
recessive,re.cess.ive,recess,re.cess
harpoon,harp.oon,balloon,ball.oon
trawl,tr.awl,drawl,dr.awl
sextant,sex.tant,quadrant,quadr.ant
sextant,sex.tant,hexapod,hexa.pod
horoscope,horo.scope,horology,horo.logy
horoscope,horo.scope,astrology,astr.ology
alchemy,al.chemy,chemical,chem.ical
stenography,sten.ography,stencil,sten.cil
terminology,termin.ology,terminal,termin.al
vestment,vest.ment,vestry,vest.ry
vestment,vest.ment,investment,in.vest.ment
vestment,vest.ment,investiture,in.vest.iture
rawhide,raw.hide,hidebound,hide.bound
linoleum,lino.leum,petroleum,petro.leum
linoleum,lino.leum,mausoleum,mauso.leum
linen,li.nen,lining,li.ning
linen,li.nen,lenin,Le.nin
girdle,gird.le,girder,gird.er
cravat,crav.at,craven,crav.en
cravat,crav.at,caveat,cave.at
emollient,e.moll.ient,mollify,moll.ify
emollient,e.moll.ient,mollusc,moll.usc
emollient,e.moll.ient,emulsion,e.mul.sion
insignia,in.sign.ia,ensign,en.sign
chevron,chev.ron,echelon,e.che.lon
millinery,mill.in.ery,military,mi.li.tary
crinkle,cr.ink.le,wrinkle,wr.ink.le
crinkle,cr.ink.le,cringe,cr.ing.e
crinkle,cr.ink.le,vn,v.n
pucker,puck.er,poker,pok.er
pucker,puck.er,pocket,pock.et
garment,gar.ment,raiment,rai.ment
attire,at.tire,attic,at.tic
desideratum,de.sider.atum,decide,de.cide
desideratum,de.sider.atum,desiderata,de.sider.ata
desideratum,de.sider.atum,consideration,con.sider.ation
desideratum,de.sider.atum,ultimatum,ultim.atum
requisite,re.qui.site,prerequisite,pre.re.quisite
requisite,re.qui.site,perquisite,per.qui.site
requisite,re.qui.site,exquisite,ex.qui.site
requisite,re.qui.site,requite,re.quite
dainty,dain.ty,disdain,dis.dain
dainty,dain.ty,ordain,or.dain
appetizer,ap.pet.izer,appetite,ap.pet.ite
gruel,gru.el,porridge,por.ridge
confection,con.fect.ion,affect,af.fect
confection,con.fect.ion,effect,ef.fect
confection,con.fect.ion,infection,in.fect.ion
confection,con.fect.ion,defection,de.fect.ion
confection,con.fect.ion,perfection,per.fect.ion
margarine,mar.gar.ine,margaret,mar.gar.et
saccharin,sac.char.in,margarine,mar.gar.ine
saccharin,sac.char.in,guillotine,guil.lot.ine
saccharin,sac.char.in,bacchanalian,bac.chan.al.ian
ferment,fer.ment,fervent,fer.vent
asparagus,as.para.gus,paragon,para.gon
scalpel,scalp.el,vn,v.n
splint,spl.int,sprint,spr.int
splint,spl.int,vn,v.n
splint,spl.int,splinter,spl.int.er
splint,spl.int,lint,l.int
splint,spl.int,flint,fl.int
salutary,sa.lut.ary,salute,sa.lute
salutary,sa.lut.ary,salubrious,sa.lubr.ious
salubrious,salu.brious,salutary,salu.tary
salubrious,salu.brious,vn,v.n
recuperate,re.cup.er.ate,recoup,re.coup
inflamed,in.flam.ed,flamed,flam.ed
inflamed,in.flam.ed,inflammable,in.flamm.able
inflamed,in.flam.ed,flammable,flamm.able
inflamed,in.flam.ed,inflammation,in.flamm.ation
remittent,re.mit.tent,remit,re.mit
remittent,re.mit.tent,mittance,mitt.ance
granule,gran.ule,granite,gran.ite
granule,gran.ule,grandma,grand.ma
sustenance,sus.ten.ance,subsistence,sub.sist.ence
convalescence,con.vale.scence,valediction,vale.diction
convalescence,con.vale.scence,escent,esc.ent
convalescence,con.vale.scence,esce,esc.e
convalescence,con.vale.scence,escence,esc.ence
convalescence,con.vale.scence,evanescence,eva.ne.scence
quarantine,quar.ant.ine,quarter,quar.ter
quarantine,quar.ant.ine,quartermaster,quar.ter.master
allopathy,allo.pathy,homeopathy,homeo.pathy
homeopathy,home.o.pathy,apathy,a.pathy
homeopathy,home.o.pathy,idiopathy,idio.pathy
feticide,feti.cide,fetus,fet.us
clyster,cly.ster,cataclysm,cata.cly.sm
acupuncture,acu.punct.ure,puncture,punct.ure
inoculation,in.ocul.ation,ocular,ocul.ar
analgesic,an.alg.esic,anaesthetic,an.aesth.etic
opiate,opi.ate,opium,opi.um
nostrum,nostr.um,nostalgia,nost.alg.ia
nostrum,nostr.um,strum,str.um
gestation,gest.ation,digestion,di.gest.ion
caret,car.et,carrot,car.rot
bracket,brack.et,racket,rack.et
bracket,brack.et,bracelet,brace.let
parenthesis,paren.thesis,parentheses,paren.theses
asterisk,aster.isk,asteroid,aster.oid
ellipsis,el.lip.sis,ellipse,el.lip.se
ellipsis,el.lip.sis,eclipse,ec.lip.se
ellipsis,el.lip.sis,nv,n.v
celestial,cele.sti.al,ecclesi,ec.clesi
pallid,pall.id,palliative,pall.ia.tive
pallid,pall.id,placid,plac.id
rubicund,rubi.cund,fecund,fe.cund
rubicund,rubi.cund,jocund,jo.cund
rubicund,rubi.cund,rubric,rub.ric
auxin,aux.in,auxiliary,auxi.li.ary
irritant,ir.rit.ant,irritate,ir.rit.ate
purgative,purg.ative,purgatory,purg.atory
catharsis,cath.ar.sis,catherine,Cath.er.ine
catharsis,cath.ar.sis,cathode,cath.ode
chronicle,chron.ic.le,chronic,chron.ic
chronicle,chron.ic.le,crony,cron.y
chronicle,chron.ic.le,chronology,chron.ology
chronicle,chron.ic.le,orine,or.ine
parable,par.able,parley,par.ley
parody,par.ody,melody,mel.ody
parody,par.ody,threnody,thren.ody
parody,par.ody,rhapsody,rhaps.ody
parody,par.ody,charade,char.ade
parody,par.ody,pastiche,past.i.che
peroration,per.ora.tion,oration,ora.tion
colloquium,col.loqu.ium,colloquial,col.loqu.ial
colloquium,col.loqu.ium,eloquent,e.loqu.ent
colloquium,col.loqu.ium,obloquy,ob.loquy
colloquium,col.loqu.ium,symposium,sym.pos.ium
inception,in.cept.ion,reception,re.ception
inception,in.cept.ion,deception,de.ception
inception,in.cept.ion,precept,pre.cept
inception,in.cept.ion,incipient,in.cipi.ent
valediction,vale.diction,convalescent,con.vale.scent
valediction,vale.diction,convalescence,con.vale.scence
treatise,treat.ise,chasten,chast.en
disquisition,dis.quis.ition,exquisite,ex.quis.ite
disquisition,dis.quis.ition,perquisite,per.quis.ite
disquisition,dis.quis.ition,requisite,re.quis.ite
epitaph,epi.taph,cenotaph,ceno.taph
epitaph,epi.taph,epitome,epi.tome
holograph,holo.graph,hologram,holo.gram
holograph,holo.graph,holographic,holo.graphic
holograph,holo.graph,homograph,homo.graph
holograph,holo.graph,monograph,mono.graph
epistle,epi.stle,apostle,apo.stle
epistle,epi.stle,pestle,pe.stle
facsimile,fac.sim.ile,simile,sim.ile
facsimile,fac.sim.ile,assimilate,as.sim.il.ate
anthology,anth.ology,anthropology,anth.rop.ology
dossier,dos.si.er,endorse,en.dorse
primer,prim.er,prime,prim.e
primer,prim.er,primate,prim.ate
primer,prim.er,premier,pre.mi.er
potpourri,pot.pour.ri,porridge,por.ridge
denouement,de.noue.ment,denoue,de.noue
denouement,de.noue.ment,prologue,pro.logue
denouement,de.noue.ment,epilogue,epi.logue
banquet,ban.quet,banquette,ban.quette
banquet,ban.quet,bouquet,bou.quet
charade,char.ade,pastiche,past.i.che
charade,char.ade,parody,par.ody
charade,char.ade,nv,n.v
acronym,acro.nym,acrobat,acro.bat
salutation,salut.ation,salutary,salut.ary
annotate,an.not.ate,connotation,con.not.ation
annotate,an.not.ate,nv,n.v
emblem,em.blem,problem,pro.blem
exaggeration,ex.ag.ger.ation,extravagant,extra.vag.ant
simile,sim.ile,facsimile,fac.sim.ile
simile,sim.ile,nv,n.v
simile,sim.ile,assimilate,as.sim.il.ate
excursion,ex.cur.sion,incursion,in.cur.sion
excursion,ex.cur.sion,expedition,ex.ped.ition
intermission,inter.mission,remission,re.mission
intermission,inter.mission,interlude,inter.lude
recess,re.cess,recede,re.cede
recess,re.cess,recession,re.cess.ion
recess,re.cess,recessive,re.cess.ive
karate,kara.te,karaoke,kara.oke
Saturnalia,satur.na.lia,saturnalian,satur.na.lian
Saturnalia,satur.na.lia,saturday,satur.day
Saturnalia,satur.na.lia,bacchanalia,Baccha.nalia
revelry,re.vel.ry,revel,re.vel
revelry,re.vel.ry,rebel,re.bel
deposition,de.posit.ion,depose,de.pose
deposition,de.posit.ion,deposit,de.posit
deposition,de.posit.ion,depository,de.posit.ory
investiture,in.vest.iture,investment,in.vest.ment
investiture,in.vest.iture,investigate,in.vesti.gate
ascendancy,a.scend.ancy,descend,de.scend
hierarchy,hier.archy,hieroglyph,hiero.glyph
theocracy,the.o.cracy,democracy,dem.o.cracy
gerontocracy,ger.onto.cracy,ontology,onto.logy
gerontocracy,ger.onto.cracy,gerontology,ger.onto.logy
matriarchy,ma.tri.archy,patriarchy,pa.tri.archy
patriarchy,pa.tri.archy,matriarchy,ma.tri.archy
oligarchy,olig.archy,oligemia,olig.emia
oligarchy,olig.archy,oliguria,olig.uria
obsequies,ob.sequi.es,sequel,sequ.el
obsequies,ob.sequi.es,consequence,con.sequ.ence
obsequies,ob.sequi.es,sequence,sequ.ence
ordination,ordin.ation,ordinance,ordin.ance
ordination,ordin.ation,ordinary,ordin.ary
ordination,ordin.ation,ordinaire,ordin.aire
ordination,ordin.ation,ordinate,ordin.ate
libation,lib.ation,oblation,obl.ation
sacrament,sacra.ment,sacrifice,sacri.fice
sacrament,sacra.ment,sacramento,Sacra.mento
sacrament,sacra.ment,sanctimonious,sancti.monious
invocation,in.voc.ation,invoke,in.voke
invocation,in.voc.ation,avocation,a.vocation
suffrage,suf.frage,fragment,frag.ment
instigate,in.stig.ate,stigma,stig.ma
disaffected,dis.af.fect.ed,affect,af.fect
disaffected,dis.af.fect.ed,affection,af.fection
disaffected,dis.af.fect.ed,malcontent,mal.content
caucus,cauc.us,cactus,cact.us
chimera,chi.mera,chameleon,chame.leon
apparition,ap.par.ition,apparel,ap.par.el
apocalypse,apo.calyp.se,eucalyptus,eu.calyp.tus
apocalypse,apo.calyp.se,cataclysm,cata.cly.sm
apocalypse,apo.calyp.se,catastrophe,cata.strophe
apocalypse,apo.calyp.se,apocrypha,apo.cry.pha
fatality,fat.al.ity,mortality,mort.al.ity
blasphemy,blas.phemy,euphemism,eu.phem.ism
talisman,tal.is.man,talon,tal.on
oblation,ob.lat.ion,ferre,fer.re
oblation,ob.lat.ion,ablation,ab.lat.ion
oblation,ob.lat.ion,collate,col.late
oblation,ob.lat.ion,libation,lib.ation
seminary,semin.ary,seminar,semin.ar
cloister,cloi.ster,cloisterer,cloi.ster.er
apocrypha,apo.cry.pha,encrypt,en.crypt
apocrypha,apo.cry.pha,apocalypse,apo.calypse
gossip,gos.sip,gospel,gos.pel
gospel,gosp.el,gossip,gos.sip
sorcery,sor.cer.y,sorcerer,sor.cer.er
sorcery,sor.cer.y,soccer,socc.er
telepathy,tele.pathy,antipathy,anti.pathy
telepathy,tele.pathy,apathy,a.pathy
telepathy,tele.pathy,psychopathy,psycho.pathy
telepathy,tele.pathy,dermopathy,dermo.pathy
juggernaut,jug.ger.naut,astronuat,astro.nuat
heterodox,hetero.dox,orthodox,ortho.dox
heterodox,hetero.dox,heretic,here.tic
sanctimonious,sancti.monious,sanctimony,sancti.mony
sanctimonious,sancti.monious,sanctuary,sanct.uary
sanctimonious,sancti.monious,sacrament,sacra.ment
sanctimonious,sancti.monious,parsimonious,pars.i.monious
sanctimonious,sancti.monious,acrimonious,acr.i.monious
infidel,in.fid.el,infidelity,in.fid.el.ity
infidel,in.fid.el,heretic,here.tic
idolatry,ido.latry,plutolatry,pluto.latry
choir,ch.oir,memoir,mem.oir
choir,ch.oir,boudoir,boud.oir
choir,ch.oir,reservoir,reserv.oir
choir,ch.oir,chorus,chor.us
sibyl,sib.yl,vinyl,vin.yl
lectern,lect.ern,collect,col.lect
lectern,lect.ern,podium,pod.ium
repose,re.pose,propose,pro.pose
repose,re.pose,impose,im.pose
repose,re.pose,depose,de.pose
repose,re.pose,dispose,dis.pose
tranquil,tran.quil,quiescent,qui.escent
tranquil,tran.quil,serene,se.re.ne
quiescent,quie.scent,acquiesce,ac.qui.esce
quiescent,quie.scent,adolescent,adole.scent
quiescent,quie.scent,crescent,cre.scent
dormant,dorm.ant,dominant,domin.ant
eaves,eav.es,eavesdrop,eaves.drop
terrace,terra.ce,terrapin,terra.pin
sprocket,spr.ock.et,rocket,rock.et
sprocket,spr.ock.et,ratchet,ra.tch.et
chastise,chast.ise,chasten,chast.en
nugatory,nug.atory,nugget,nug.get
subsidiary,sub.sidi.ary,subsidy,sub.sidy
subsidiary,sub.sidi.ary,subside,sub.side
negligible,neg.lig.ible,negligent,neg.lig.ent
negligible,neg.lig.ible,neglect,neg.lect
paltry,pal.try,paucity,pau.city
paltry,pal.try,pantry,pan.try
venial,ven.ial,venus,ven.us
venial,ven.ial,genial,gen.ial
turpitude,turp.itude,turtle,tur.tle
shabby,sh.abby,flabby,fl.abby
impassive,im.pass.ive,dispassionate,dis.pass.ion.ate
impassive,im.pass.ive,passive,pass.ive
impassive,im.pass.ive,impasse,im.passe
valiant,vali.ant,gallant,gall.ant
prosaic,pro.sa.ic,prose,pro.se
prosaic,pro.sa.ic,mosaic,mo.sa.ic
insipid,in.si.pid,intrepid,in.tre.pid
convention,con.vent.ion,intervention,inter.vent.ion
raffish,raff.ish,raffle,raff.le
raffish,raff.ish,ruffle,ruff.le
raffish,raff.ish,ruffian,ruff.ian
raffish,raff.ish,sloven,slov.en
debauchery,debau.chery,butchery,but.chery
debauchery,debau.chery,treachery,trea.chery
unconscionable,un.consci.on.able,conscience,consci.ence
unconscionable,un.consci.on.able,conscious,consci.ous
unconscionable,un.consci.on.able,conscientious,consci.entious
unconscionable,un.consci.on.able,science,sci.ence
extravagant,extra.vag.ant,vague,vag.ue
extravagant,extra.vag.ant,vagrant,vag.rant
extravagant,extra.vag.ant,exaggeration,ex.ag.ger.ation
dissolute,dis.sol.ute,resolute,re.sol.ute
dissolute,dis.sol.ute,absolute,ab.sol.ute
dissolute,dis.sol.ute,dissolve,dis.sol.ve
abject,ab.ject,reject,re.ject
abject,ab.ject,abjure,ab.jure
recreant,re.cre.ant,create,cre.ate
recreant,re.cre.ant,miscreant,mis.cre.ant
pusillanimous,pu.sill.anim.ous,magnanimous,magn.animous
pusillanimous,pu.sill.anim.ous,unanimous,un.animous
embolden,em.bold.en,embody,em.body
intrepid,in.trep.id,insi,in.si
intrepid,in.trep.id,pid,p.id
propitiate,pro.piti.ate,propitious,pro.piti.ous
propitiate,pro.piti.ate,precipitate,pre.cipit.ate
satire,sat.ire,satirical,sat.irical
satire,sat.ire,saturate,sat.ur.ate
satire,sat.ire,sarcasm,sar.casm
sardonic,sardon.ic,sardine,sard.ine
snide,sn.ide,slide,sl.ide
disdain,dis.dain,ordain,or.dain
disdain,dis.dain,dainty,dain.ty
contempt,con.tempt,nv,n.v
raillery,rail.lery,persiflage,persi.flage
acrimonious,acri.mon.ious,acerbic,acerb.ic
acrimonious,acri.mon.ious,sanctimonious,sanct.i.monious
acrimonious,acri.mon.ious,parsimonious,pars.i.monious
prurient,prur.ient,pruritus,prur.itus
lubricious,lu.bric.ious,lubricant,lu.bric.ant
improvident,im.provid.ent,provident,provid.ent
improvident,im.provid.ent,improvise,im.prov.ise
dissipate,dis.sip.ate,dissipated,dis.sip.ated
dissipate,dis.sip.ate,dissolute,dis.solute
precis,pre.cis,precise,pre.cise
syllabus,syl.lab.us,syllable,syl.lable
synopsis,syn.op.sis,symposium,sym.pos.ium
compendious,com.pend.ious,compendium,com.pend.ium
compendious,com.pend.ious,pendulum,pend.ulum
continent,con.tin.ent,contingent,con.tin.gent
continent,con.tin.ent,pertinent,per.tin.ent
continent,con.tin.ent,abstinent,abs.tin.ent
abstemious,ab.stem.ious,abstinence,ab.stin.ence
licentious,li.cent.ious,license,li.cense
sensual,sens.ual,sensor,sens.or
sensual,sens.ual,ensure,ens.ure
nonchalant,non.chal.ant,challenge,chall.enge
nonchalant,non.chal.ant,chalice,chal.ice
apathetic,a.path.etic,pathetic,path.etic
apathetic,a.path.etic,sympathetic,sym.path.etic
munificent,muni.fic.ent,munitions,muni.tions
munificent,muni.fic.ent,ammunition,am.muni.tion
pullulate,pull.ul.ate,propagate,pro.pag.ate
palliative,palli.ative,pallid,pall.id
laconic,la.conic,nv,n.v
scruple,scru.ple,scrupulous,scru.pul.ous
scruple,scru.ple,scrutiny,scru.tiny
scruple,scru.ple,scrub,scru.b
scruple,scru.ple,qualm,qu.alm
punctilious,punct.il.ious,punctuate,punct.uate
austere,au.stere,ascetic,asce.tic
plunder,plun.der,plunge,plun.ge
plunder,plun.der,blunder,blun.der
plunder,plun.der,plummet,plum.met
procrastinate,pro.cras.tin.ate,crastinus,cras.tin.us
periphrasis,peri.phrasis,peripheral,peri.pheral
periphrasis,peri.phrasis,catchphrase,catch.phrase
pleonasm,pleo.nasm,plenty,plent.y
verbiage,verbi.age,verbose,verb.ose
verbose,verb.ose,verbiage,verbi.age
prolix,pro.lix,verbose,verb.ose
prolix,pro.lix,verbiage,verbi.age
sprawl,spr.awl,scrawl,scr.awl
sprawl,spr.awl,vn,v.n
sprawl,spr.awl,sprout,spr.out
lassitude,lass.itude,lethargy,lethar.gy
condolence,con.dol.ence,idol,i.dol
condolence,con.dol.ence,adolescent,a.dol.escent
condolence,con.dol.ence,indolent,in.dol.ent
indolent,in.dol.ent,condolence,con.dol.ence
indolent,in.dol.ent,dolorous,dol.or.ous
hidebound,hide.bound,inbound,in.bound
hidebound,hide.bound,outbound,out.bound
hidebound,hide.bound,eastbound,east.bound
restive,rest.ive,restless,rest.less
reckless,reck.less,reckon,reck.on
precipitate,pre.cipi.tate,precipitation,pre.cipi.tation
precipitate,pre.cipi.tate,precip,pre.cip
precipitate,pre.cipi.tate,propitiate,pro.piti.ate
remiss,re.miss,remission,re.miss.ion
remiss,re.miss,dismiss,dis.miss
negligent,neg.lig.ent,negative,neg.ative
negligent,neg.lig.ent,neglect,neg.lect
negligent,neg.lig.ent,negligible,neg.lig.ible
advert,ad.vert,advertise,ad.vert.ise
advert,ad.vert,advertisement,ad.vert.ise.ment
obloquy,ob.loquy,colloquium,col.loqu.ium
obloquy,ob.loquy,obsequies,ob.sequi.es
obloquy,ob.loquy,opprobrium,op.probr.ium
ardour,ard.our,ardor,ard.or
ardour,ard.our,ardent,ard.ent
ardour,ard.our,arduous,ard.uous
ardour,ard.our,fervour,ferv.our
ardour,ard.our,fervor,ferv.or
bonny,bon.ny,bunny,bun.ny
stricture,strict.ure,structure,struct.ure
stricture,strict.ure,restrict,re.strict
stricture,strict.ure,restriction,re.strict.ion
censure,cens.ure,census,cens.us
censure,cens.ure,incense,in.cense
censure,cens.ure,incentive,in.centive
reprobate,re.prob.ate,probate,prob.ate
reprobate,re.prob.ate,reprove,re.prove
reproach,re.proach,approach,ap.proach
truculent,truc.ul.ent,obstreperous,ob.stre.per.ous
truculent,truc.ul.ent,pugnacious,pugn.acious
ferocious,fero.cious,vicious,vi.cious
ferocious,fero.cious,feral,fer.al
ruffian,ruff.ian,ruffle,ruff.le
ruffian,ruff.ian,raffish,raff.ish
atrocious,atro.cious,atrocity,atro.city
curmudgeon,cur.mud.geon,burgeon,bur.geon
curmudgeon,cur.mud.geon,dungeon,dun.geon
curmudgeon,cur.mud.geon,pigeon,pi.geon
cantankerous,can.tanker.ous,kerosene,kero.sene
cantankerous,can.tanker.ous,curmudgeon,cur.mud.geon
cantankerous,can.tanker.ous,scurrilous,scu.rri.lous
fractious,fract.ious,refractory,re.fract.ory
fractious,fract.ious,fraction,fract.ion
amenable,a.men.able,amicable,ami.cable
amenable,a.men.able,amiable,ami.able
genial,geni.al,genius,geni.us
genial,geni.al,general,gener.al
genial,geni.al,amicable,ami.cable
genial,geni.al,amiable,ami.able
clement,cle.ment,clemency,cle.mency
clement,cle.ment,clementine,cle.ment.ine
gloat,gl.oat,glee,gl.ee
gloat,gl.oat,float,fl.oat
gloat,gl.oat,bloat,bl.oat
rapture,rap.ture,enrapture,en.rap.ture
rapture,rap.ture,ravish,rav.ish
rapture,rap.ture,rhapsody,rhap.sody
blithe,bli.the,lithe,li.the
jocund,jo.cund,rubicund,rubi.cund
jocund,jo.cund,fecund,fe.cund
rollicking,rol.lick.ing,vn,v.n
enrapture,en.rap.ture,rapture,rap.ture
presumptuous,pre.sump.tuous,sumptuous,sump.tuous
presumptuous,pre.sump.tuous,presumption,pre.sump.tion
presumptuous,pre.sump.tuous,peremptory,per.empt.ory
imperious,imper.ious,imperial,imper.ial
imperious,imper.ious,imperative,imper.ative
imperious,imper.ious,peremptory,per.empt.ory
arbitrary,ar.bitr.ary,arbitrator,ar.bitr.ator
arbitrary,ar.bitr.ary,arbiter,ar.bit.er
intractable,in.tract.able,detractor,de.tract.or
pronounced,pro.noun.ce.d,pronounce,pro.noun.ce
tenacious,ten.acious,obstinate,obs.tin.ate
tenacious,ten.acious,pertinacious,per.tin.acious
recalcitrant,re.calci.trant,calcium,calci.um
recalcitrant,re.calci.trant,entrant,en.trant
intransigent,in.transi.gent,transient,transi.ent
obdurate,ob.dur.ate,pertinacious,per.tin.acious
captivating,captiv.ating,captivate,captiv.ate
captivating,captiv.ating,adjn,adj.n
captivating,captiv.ating,capitation,capit.ation
susceptibility,sus.cepti.bility,debility,de.bility
susceptibility,sus.cepti.bility,susceptible,sus.cept.ible
spindly,spind.ly,spindle,spind.le
frail,fr.ail,flail,fl.ail
frail,fr.ail,fragile,frag.ile
enervate,e.nerv.ate,emaciate,e.mac.iate
emaciated,e.mac.i.ated,macerate,mac.er.ate
emaciated,e.mac.i.ated,enervate,e.nerv.ate
debility,de.bility,ability,a.bility
fracas,frac.as,fracture,frac.ture
hullabaloo,hull.aba.loo,hubbub,hub.bub
strenuous,stren.uous,strength,streng.th
arduous,ard.uous,ardour,ard.our
arduous,ard.uous,ardent,ard.ent
arduous,ard.uous,assiduous,as.sid.uous
grudge,gru.dge,begrudge,be.gru.dge
scrimp,scr.imp,skimp,sk.imp
scrimp,scr.imp,shrimp,shr.imp
parsimonious,pars.i.monious,sanctimonious,sanct.i.monious
malice,mal.ice,malicious,mal.ic.ious
diabolical,dia.bol.ical,diabolic,dia.bol.ic
diabolical,dia.bol.ical,diabolo,dia.bolo
diabolical,dia.bol.ical,diablo,dia.blo
repressive,re.press.ive,depressive,de.press.ive
repressive,re.press.ive,depress,de.press
repressive,re.press.ive,oppressive,op.press.ive
stellar,stell.ar,constellation,con.stell.ation
momentous,moment.ous,momentary,moment.ary
repugnant,re.pugn.ant,impugn,im.pugn
repugnant,re.pugn.ant,pugnacious,pugn.acious
repugnant,re.pugn.ant,pungent,pung.ent
revolting,re.volt.ing,revolt,re.volt
animus,anim.us,animosity,anim.os.ity
animus,anim.us,animal,anim.al
animus,anim.us,unanimity,un.anim.ity
venom,ven.om,venus,Ven.us
venom,ven.om,venereal,ven.er.eal
noisome,noi.some,annoy,an.noy
noisome,noi.some,irksome,irk.some
infernal,in.fern.al,inferno,in.ferno
infernal,in.fern.al,furnace,furn.ace
scurrilous,scur.ri.lous,scurry,scur.ry
scurrilous,scur.ri.lous,scurvy,scur.vy
scurrilous,scur.ri.lous,obscure,ob.scure
scurrilous,scur.ri.lous,nv,n.v
scurrilous,scur.ri.lous,curmudgeon,cur.mud.geon
taciturn,tacit.urn,saturnine,saturn.ine
equanimity,equa.nimity,equivocate,equi.vocate
equanimity,equa.nimity,equilibrium,equi.librium
equanimity,equa.nimity,composure,com.pos.ure
composure,com.pos.ure,exposure,ex.pos.ure
composure,com.pos.ure,equanimity,equa.nimity
harrowing,harrow.ing,oween,ow.een
sulky,sulk.y,sullen,sull.en
sullen,sull.en,sulky,sul.ky
morose,mor.ose,morass,mor.ass
sombre,som.bre,timbre,tim.bre
saturnine,satur.nine,saturnalia,Satur.nalia
saturnine,satur.nine,saturnalian,satur.nalian
lugubrious,lugu.bri.ous,salubrious,salu.bri.ous
dolorous,dol.or.ous,indolent,in.dol.ent
chamomile,chamo.mile,camomile,camo.mile
chamomile,chamo.mile,chameleon,chame.leon
allegory,al.leg.ory,allegation,al.leg.ation
allegory,al.leg.ory,allege,al.lege
allegory,al.leg.ory,allegro,al.legro
allegory,al.leg.ory,allergy,al.lergy
archaic,archa.ic,archaeology,archae.ology
archaic,archa.ic,archeology,arche.ology
buttock,butt.ock,button,butt.on
aphorism,a.phor.ism,aph,a.ph
aphorism,a.phor.ism,euphoria,eu.phor.ia
aphorism,a.phor.ism,dysphoria,dys.phor.ia
aphorism,a.phor.ism,metaphor,meta.phor
azure,az.ure,asure,a.sure
rampant,ram.pant,rampart,ram.part
rampant,ram.pant,ramble,ram.ble
rampant,ram.pant,rampage,ram.page
rampant,ram.pant,vn,v.n
clergy,cler.gy,clerk,cler.k
clergy,cler.gy,cleric,cler.ic
sentient,sent.ient,sentinel,sent.in.el
sentient,sent.ient,sensible,sens.ible
Antipodean,anti.pod.ean,sisyphean,Sisy.ph.ean
apprentice,ap.prent.ice,prentice,prent.ice
lieutenant,lieu.ten.ant,tenant,ten.ant
lieutenant,lieu.ten.ant,milieu,mi.lieu
lieutenant,lieu.ten.ant,purlieus,pur.lieus
asphalt,as.ph.alt,tarmac,tar.mac
adieu,ad.ieu,milieu,mil.ieu
adieu,ad.ieu,lieu,l.ieu
attrition,at.trit.ion,nutrition,nu.trit.ion
attrition,at.trit.ion,contrition,con.trit.ion
attrition,at.trit.ion,detritus,de.trit.us
depose,de.pose,propose,pro.pose
depose,de.pose,impose,im.pose
depose,de.pose,repose,re.pose
depose,de.pose,dispose,dis.pose
exquisite,ex.quis.ite,perquisite,per.quis.ite
conclave,con.clave,enclave,en.clave
discern,dis.cern,concern,con.cern
procure,pro.cure,epicure,epi.cure
procure,pro.cure,secure,se.cure
procure,pro.cure,obscure,obs.cure
conscientious,con.scien.tious,conscience,con.science
convent,con.vent,convention,con.vention
deflect,de.flect,inflect,in.flect
deflect,de.flect,reflect,re.flect
deflect,de.flect,refract,re.fract
deflect,de.flect,divert,di.vert
blight,b.light,plight,p.light
obscurity,ob.scur.ity,obscure,ob.scure
obscurity,ob.scur.ity,scurrilous,scur.ri.lous
obscurity,ob.scur.ity,livion,liv.ion
nucleus,nu.cle.us,nuclear,nu.clear
squire,squ.ire,squirt,squ.irt
squire,squ.ire,squirrel,squ.ir.rel
vanquish,van.quish,vanish,van.ish
deacon,dea.con,beacon,bea.con
falter,fal.ter,vn,v.n
secular,secu.lar,security,secu.rity
furnish,furn.ish,furniture,furni.ture
commerce,com.merce,commercial,com.merc.ial
commerce,com.merce,commencement,com.mence.ment
bivouac,bi.vou.ac,devout,de.vou.t
entourage,en.tour.age,retinue,re.tinue
diaspora,dia.spora,sporadic,spora.dic
maggot,mag.got,faggot,fag.got
extant,ext.ant,extent,ext.ent
extant,ext.ant,extend,ext.end
correspondence,cor.respond.ence,correspondent,cor.respond.ent
sermon,ser.mon,summon,sum.mon
prescriptive,pre.script.ive,prescription,pre.script.ion
prescriptive,pre.script.ive,describe,de.scribe
quotidian,quot.id.ian,quota,quot.a
conscience,con.sci.ence,science,sci.ence
conscience,con.sci.ence,conscientious,con.sci.en.tious
eclipse,ec.lip.se,ellipse,el.lipse
evangelist,ev.angel.ist,revenge,re.venge
evangelist,ev.angel.ist,nv,n.v
evangelist,ev.angel.ist,evangelical,ev.angel.ic.al
perception,per.cept.ion,perceptive,per.cept.ive
perception,per.cept.ion,inception,in.cept.ion
perception,per.cept.ion,perspective,per.spec.tive
insinuate,in.sinu.ate,innuendo,in.nu.endo
deodorant,de.odor.ant,perspirant,per.spir.ant
baffle,baff.le,waffle,waff.le
baffle,baff.le,raffle,raff.le
knead,kn.ead,kneel,kn.eel
proactive,pro.active,reactive,re.active
slander,sl.and.er,slant,sl.ant
slander,sl.and.er,vn,v.n
compelling,com.pell.ing,repellent,re.pell.ent
compelling,com.pell.ing,appealing,ap.peal.ing
impertinent,im.per.tin.ent,pertinent,per.tin.ent
impertinent,im.per.tin.ent,continent,con.tin.ent
impertinent,im.per.tin.ent,pertinacious,per.tin.acious
prominent,pro.min.ent,eminent,e.min.ent
disrupt,dis.rupt,disturb,dis.turb
disrupt,dis.rupt,perturb,per.turb
broccoli,broc.coli,brochure,broch.ure
facetious,face.tious,frivolity,fri.vol.ity
dysentery,dys.ent.ery,dissenter,dis.sent.er
haptic,hap.tic,hapless,hap.less
abscond,abs.cond,condiment,condi.ment
macho,ma.cho,poncho,pon.cho
faculty,fac.ul.ty,factory,fact.ory
luscious,lu.sc.ious,conscious,con.sc.ious
luscious,lu.sc.ious,lustrous,lustr.ous
tinker,tin.ker,tinder,tin.der
treachery,trea.chery,treason,trea.son
treachery,trea.chery,butchery,but.chery
treachery,trea.chery,debauchery,debau.chery
feisty,fei.sty,pigsty,pig.sty
feisty,fei.sty,stymie,sty.mie
chasm,cha.sm,charisma,cha.ris.ma
chasm,cha.sm,charm,char.m
protrude,pro.trude,intrude,in.trude
constipation,con.stip.ation,stipend,stip.end
constipation,con.stip.ation,stipple,stip.ple
constipation,con.stip.ation,vn,v.n
constipation,con.stip.ation,stipulation,stip.ul.ation
expletive,ex.ple.tive,complement,com.ple.ment
conceive,con.ceive,conceit,con.ceit
conceive,con.ceive,receive,re.ceive
conceive,con.ceive,deceive,de.ceive
diarrhoea,dia.rrh.oea,gonorrhoea,gono.rrh.oea
retention,re.ten.tion,attention,at.ten.tion
retention,re.ten.tion,potential,po.ten.tial
cuckold,cuck.old,cuckoo,cuck.oo
derogatory,de.rog.atory,arrogant,ar.rog.ant
derogatory,de.rog.atory,prerogative,pre.rog.ative
derogatory,de.rog.atory,surrogate,sur.rog.ate
derogatory,de.rog.atory,nv,n.v
derogatory,de.rog.atory,rogue,rog.ue
salient,sali.ent,resilient,re.sili.ent
ambient,ambi.ent,ambience,ambi.ence
ambient,ambi.ent,ambivalent,ambi.valent
ambient,ambi.ent,ambition,ambi.tion
ambient,ambi.ent,ambiguous,ambi.guous
ambient,ambi.ent,amphibian,amphi.bian
crisp,cr.isp,crispy,cr.ispy
pictographic,pic.to.graphic,pictogram,pic.to.gram
collate,col.late,related,re.lated
comprehensive,com.pre.hens.ive,comprehensible,com.pre.hens.ible
comprehensive,com.pre.hens.ive,apprehensive,ap.pre.hens.ive
comprehensive,com.pre.hens.ive,comprehend,com.pre.hend
comprehensive,com.pre.hens.ive,comprehension,com.pre.hens.ion
comprehensive,com.pre.hens.ive,reprehensible,re.pre.hens.ible
flout,fl.out,clout,cl.out
whammy,wham.my,hapless,hap.less
comprehensible,com.pre.hens.ible,comprehensive,com.pre.hens.ive
comprehensible,com.pre.hens.ible,comprehension,com.pre.hens.ion
comprehensible,com.pre.hens.ible,comprehend,com.pre.hend
comprehensible,com.pre.hens.ible,reprehensible,re.pre.hens.ible
comprehensible,com.pre.hens.ible,apprehensive,ap.pre.hens.ive
cathode,cath.ode,anode,an.ode
aplastic,a.plast.ic,plastic,plast.ic
shrivel,shri.vel,vn,v.n
barter,bart.er,barge,bar.ge
barter,bart.er,bargain,bar.gain
incite,in.cite,incise,in.cise
incite,in.cite,citation,cit.ation
seditious,sed.it.ious,sedition,sed.it.ion
seditious,sed.it.ious,sediment,sedi.ment
flurry,flu.rry,fluffy,flu.ffy
flurry,flu.rry,fluff,flu.ff
flurry,flu.rry,flutter,flu.tter
convene,con.vene,convenor,con.venor
convene,con.vene,convention,con.vention
shamble,sham.ble,shampoo,sham.poo
nautilus,naut.il.us,nautical,naut.ic.al
acquiesce,ac.qui.esce,acquiescence,ac.qui.esc.ence
acquiesce,ac.qui.esce,quiescent,qui.escent
acquiesce,ac.qui.esce,acquit,ac.quit
acquiesce,ac.qui.esce,acquittal,ac.quitt.al
acquiesce,ac.qui.esce,acquire,ac.quire
acquiesce,ac.qui.esce,acquaintance,ac.quaint.ance
comprise,com.prise,comprimise,com.primise
comprise,com.prise,compliment,com.pli.ment
cellulose,cellu.lose,celluloid,cellu.loid
cellulose,cellu.lose,nitrocellulose,nitro.cellulose
envelope,en.ve.lope,envelop,en.ve.lop
envelope,en.ve.lope,develop,de.ve.lop
modal,mod.al,model,mod.el
pinnacle,pin.na.cle,obstacle,obs.ta.cle
pinnacle,pin.na.cle,acle,a.cle
autolyse,auto.lyse,autolysis,auto.lysis
autolyse,auto.lyse,analyse,ana.lyse
autolyse,auto.lyse,paralyse,para.lyse
autolyse,auto.lyse,electrolyse,electro.lyse
cringe,crin.ge,fringe,frin.ge
cringe,crin.ge,infringe,in.fringe
cringe,crin.ge,vin,vi.n
marvel,marv.el,marble,marb.le
marvel,marv.el,maverick,mave.rick
wedge,we.dge,bridge,bri.dge
wedge,we.dge,ledge,le.dge
wedge,we.dge,edge,e.dge
wedge,we.dge,wedding,wed.ding
perseverance,per.sever.ance,severance,sever.ance
equinox,equi.nox,equator,equa.tor
equinox,equi.nox,solstice,sol.stice
vulgar,vul.gar,vulture,vul.ture
parole,par.ole,parley,par.ley
mutilate,mut.il.ate,mutant,mut.ant
catechumen,cate.chu.men,catechism,cate.chism
catechumen,cate.chu.men,category,cate.gory
arguably,argu.ably,presumably,pre.sum.ably
avenue,a.venue,revenue,re.venue
avenue,a.venue,parvenu,par.venu
formaldehyde,formal.de.hyde,formaling,formal.ing
thwart,th.wart,stalwart,stal.wart
belch,bel.ch,belly,bel.ly
belch,bel.ch,birch,bir.ch
desiccant,de.sicc.ant,desiccated,de.sicc.ated
desiccant,de.sicc.ant,siccative,sicc.ative
assent,as.sent,consent,con.sent
assent,as.sent,nv,n.v
assent,as.sent,consensus,con.sensus
assent,as.sent,consensual,con.sensual
inexorable,in.ex.ora.ble,inexplicable,in.ex.plic.able
inexorable,in.ex.ora.ble,inevitable,in.evit.able
sombrero,somb.rero,torero,to.rero
sombrero,somb.rero,somber,somb.er
panoramic,pano.ram.ic,panorama,pano.rama
panoramic,pano.ram.ic,panoply,pano.ply
marquee,mar.quee,marquis,mar.quis
marquee,mar.quee,marquise,mar.quise
waffle,waf.fle,baffle,baf.fle
waffle,waf.fle,raffle,raf.fle
garner,gar.ner,gather,ga.ther
pomegranate,pome.gran.ate,granite,gran.ite
compromise,com.pro.mise,promise,pro.mise
compromise,com.pro.mise,premise,pre.mise
enema,e.nema,enemy,e.nemy
enema,e.nema,cinema,ci.nema
lethargy,le.thar.gy,lethal,le.thal
prong,pr.ong,prolong,pro.long
covert,cover.t,overt,over.t
succumb,suc.cumb,encumber,en.cumb.er
succumb,suc.cumb,incumbent,in.cumb.ent
pervasive,per.vas.ive,pervade,per.vade
pervasive,per.vas.ive,invade,in.vade
wreck,wr.eck,deck,d.eck
wreck,wr.eck,wreak,wr.eak
wreck,wr.eck,wrench,wr.ench
wreck,wr.eck,wretched,wr.etch.ed
vengeance,ven.ge.ance,revenge,re.ven.ge
vengeance,ven.ge.ance,nv,n.v
vengeance,ven.ge.ance,avenge,a.venge
cardigan,cardi.gan,cardinal,cardi.nal
cardigan,cardi.gan,cardiology,cardi.ology
cardigan,cardi.gan,cardiovascular,cardio.vascular
cardigan,cardi.gan,vegan,ve.gan
cardigan,cardi.gan,pangan,pan.gan
cardigan,cardi.gan,hooligan,hooli.gan
cardigan,cardi.gan,kalgan,Kal.gan
perplexity,per.plex.ity,complexity,com.plex.ity
contingency,con.ting.ency,contingent,con.ting.ent
contingent,con.ting.ent,contingency,con.ting.ency
prevalence,pre.val.ence,prevail,pre.vail
prevalence,pre.val.ence,perva,per.va
prevalence,pre.val.ence,convalescence,con.val.escence
prosthetic,pro.sthe.tic,prosthesis,pro.sthe.sis
prosthetic,pro.sthe.tic,aesthetic,ae.sthe.tic
spandex,span.dex,dexterous,dex.ter.ous
inveterate,in.veter.ate,veteran,veter.an
stubble,stub.ble,stubborn,stub.born
stubble,stub.ble,hobble,hob.ble
pristine,pri.st.ine,priest,prie.st
crouch,cr.ouch,couch,c.ouch
burly,bur.ly,vn,v.n
devious,dev.ious,deviate,dev.iate
carton,cart.on,cartoon,cart.oon
congeal,con.geal,coagulate,co.agul.ate
ramble,ram.ble,rampant,ram.pant
ramble,ram.ble,rampage,ram.page
confound,con.found,perplexity,per.plexity
confound,con.found,baffle,baff.le
rummage,rumm.age,ransack,ran.sack
pellet,pell.et,repellent,re.pell.ent
tutelage,tute.lage,tuition,tu.ition
scowl,sc.owl,cowl,c.owl
scowl,sc.owl,prowl,pr.owl
wince,win.ce,winch,win.ch
appliance,ap.pli.ance,compliance,com.pli.ance
sporadic,spora.dic,diaspora,dia.spora
squint,squ.int,square,squ.are
swerve,sw.erve,serve,s.erve
swerve,sw.erve,nerve,n.erve
swerve,sw.erve,vivt,vi.vt
frivolity,fri.vol.ity,frivolous,fri.vol.ous
frivolity,fri.vol.ity,frigate,fri.gate
frivolity,fri.vol.ity,frisbee,fris.bee
frivolity,fri.vol.ity,facetious,face.tious
lingerie,lin.ge.rie,reverie,re.ve.rie
lingerie,lin.ge.rie,coterie,cote.rie
stroll,str.oll,stroller,str.oll.er
stroll,str.oll,street,str.eet
circumvent,circum.vent,circumlocution,circum.locution
circumvent,circum.vent,circumstance,circum.stance
circumvent,circum.vent,circumcision,circum.cision
circumvent,circum.vent,circumference,circum.ference
tally,tall.y,telly,tell.y
polystyrene,poly.sty.rene,polymer,poly.mer
polystyrene,poly.sty.rene,styrene,sty.rene
creche,cre.che,crash,cra.sh
junkie,junk.ie,rookie,rook.ie
junkie,junk.ie,cookie,cook.ie
repeal,re.peal,appeal,ap.peal
repeal,re.peal,nv,n.v
latent,lat.ent,latency,lat.ency
blunder,blund.er,plunder,plund.er
blunder,blund.er,vn,v.n
grubby,grub.by,grumble,grum.ble
sachet,sa.chet,crochet,cro.chet
sachet,sa.chet,cachet,ca.chet
sachet,sa.chet,hatchet,ha.tchet
rumbling,rumb.ling,rumble,rumb.le
rumbling,rumb.ling,rumbustious,rum.bust.ious
plaid,pl.aid,plait,pl.ait
plaid,pl.aid,braid,br.aid
plaid,pl.aid,plain,pl.ain
picturesque,pictur.esque,pictures,pictu.res
picturesque,pictur.esque,grotesque,grot.esque
picturesque,pictur.esque,burlesque,burl.esque
picturesque,pictur.esque,arabesque,arab.esque
atone,a.tone,atonal,a.ton.al
cranny,cran.ny,granny,gran.ny
cranny,cran.ny,cranium,cran.ium
construe,con.strue,construct,con.stru.ct
proclivity,pro.cliv.ity,acclivity,ac.cliv.ity
proclivity,pro.cliv.ity,declivity,de.cliv.ity
misogynist,miso.gyn.ist,gynephobia,gyne.phobia
misogynist,miso.gyn.ist,gynecology,gyne.cology
triumph,tri.um.ph,ump,um.p
surreptitious,sur.repti.tious,reptile,rept.ile
cremate,cre.mate,create,cre.ate
cremate,cre.mate,increment,in.cre.ment
cremate,cre.mate,decrement,de.cre.ment
cremate,cre.mate,excrement,ex.cre.ment
tenuous,ten.uous,tenure,ten.ure
Sisyphean,Sisy.phean,sisyphus,Sisy.phus
spree,spr.ee,spring,spr.ing
scrunchy,scr.un.chy,crunchy,cr.un.chy
scrunchy,scr.un.chy,crunch,cr.un.ch
scrunchy,scr.un.chy,nv,n.v
scrunchy,scr.un.chy,scrunch,scr.un.ch
indignant,in.dign.ant,dignity,dign.ity
indignant,in.dign.ant,indig,in.dig
complaint,com.plaint,complain,com.plain
complaint,com.plaint,explain,ex.plain
complaint,com.plaint,plaintiff,plaint.iff
recede,re.cede,concede,con.cede
recede,re.cede,secede,se.cede
recede,re.cede,accede,ac.cede
jostle,jo.stle,hustle,hu.stle
jostle,jo.stle,pestle,pe.stle
getaway,get.away,stowaway,stow.away
sequel,sequ.el,consequence,con.sequ.ence
sequel,sequ.el,sequence,sequ.ence
sequel,sequ.el,obsequies,ob.sequ.ies
sequel,sequ.el,prequel,pre.quel
strife,stri.fe,strive,stri.ve
strife,stri.fe,strike,stri.ke
crumple,crump.le,crumble,crumb.le
crumple,crump.le,vtvi,vt.vi
mangle,man.gle,mango,man.go
diminutive,diminu.tive,diminish,dimin.ish
diminutive,diminu.tive,diminuendo,diminu.endo
tousled,tous.led,tussle,tuss.le
geriatric,ger.ia.tric,paediatric,paed.ia.tric
geriatric,ger.ia.tric,gerontology,ger.ont.ology
inconvenient,in.con.ven.ient,convenient,con.ven.ient
inconvenient,in.con.ven.ient,convent,con.vent
inconvenient,in.con.ven.ient,convention,con.ven.tion
decadent,decad.ent,nv,n.v
decadent,decad.ent,cadence,cad.ence
unequivocal,un.equi.voc.al,equivocate,equi.voc.ate
unequivocal,un.equi.voc.al,equity,equi.ty
rescind,re.scind,fascinate,fa.scin.ate
draught,dr.aught,draft,dr.aft
draught,dr.aught,laugh,l.augh
catastrophe,cata.strophe,apostrophe,apo.strophe
catastrophe,cata.strophe,cataclysm,cata.clysm
catastrophe,cata.strophe,calamity,cala.mity
catastrophe,cata.strophe,apocalypse,apo.ca.lyp.se
latch,la.tch,catch,ca.tch
latch,la.tch,patch,pa.tch
latch,la.tch,hatch,ha.tch
haunch,h.aun.ch,launch,l.aun.ch
haunch,h.aun.ch,staunch,st.aun.ch
haunch,h.aun.ch,daunt,d.aun.t
tout,t.out,trout,tr.out
cordial,cord.ial,cordon,cord.on
cordial,cord.ial,corduroy,cord.ur.oy
cosmetic,cos.metic,cosmic,cos.mic
cosmetic,cos.metic,cosmos,cos.mos
entice,ent.ice,enticement,ent.ice.ment
entice,ent.ice,entertain,ent.er.tain
entice,ent.ice,entertainment,enter.tain.ment
entice,ent.ice,seduce,se.duce
revision,re.vision,television,tele.vision
revision,re.vision,provision,pro.vision
unanimity,un.anim.ity,animal,anim.al
unanimity,un.anim.ity,animus,anim.us
unanimity,un.anim.ity,animosity,anim.osity
ravioli,ra.violi,tortellini,tor.tel.lini
touche,tou.che,touch,tou.ch
touche,tou.che,cliche,cli.che
contrive,con.trive,trivia,triv.ia
contrive,con.trive,contrived,con.trived
exasperate,ex.asper.ate,asperity,asper.ity
exasperate,ex.asper.ate,aspersions,asper.sions
exude,exu.de,exuberant,exu.berant
scrawl,scr.awl,crawl,cr.awl
scrawl,scr.awl,vn,v.n
scrawl,scr.awl,scribble,scrib.ble
scrawl,scr.awl,sprawl,spr.awl
scrawl,scr.awl,scramble,scr.amble
vibrant,vibr.ant,vibrate,vibr.ate
drench,dr.ench,drink,dr.ink
drench,dr.ench,trench,tr.ench
corpulent,corp.ul.ent,opulent,op.ul.ent
clench,cl.en.ch,clinch,cl.in.ch
clench,cl.en.ch,clutch,cl.u.tch
cellophane,cello.phane,cellulose,cellu.lose
cellophane,cello.phane,telephone,tele.phone
respite,re.spite,resp,re.sp
respite,re.spite,despite,de.spite
surmise,sur.mise,promise,pro.mise
surmise,sur.mise,premise,pre.mise
surmise,sur.mise,demise,de.mise
tussle,tuss.le,tussive,tuss.ive
tussle,tuss.le,tousle,tous.le
tussle,tuss.le,vtvi,vt.vi
derelict,de.re.lict,relic,re.lic
grotesque,grot.esque,grotto,grot.to
grotesque,grot.esque,picturesque,pictur.esque
grotesque,grot.esque,burlesque,burl.esque
grotesque,grot.esque,arabesque,arab.esque
gonorrhoea,gono.rrh.oea,gonorrhea,gono.rrh.ea
gonorrhoea,gono.rrh.oea,diarrhoea,dia.rrh.oea
pilfer,pil.fer,pilgrim,pil.grim
vinyl,vin.yl,fentanyl,fen.tan.yl
trestle,tre.stle,tresses,tress.es
pugnacious,pugn.acious,impugn,im.pugn
pugnacious,pugn.acious,repugnant,re.pugn.ant
solicitor,so.licit.or,solicit,so.licit
solicitor,so.licit.or,elicit,e.licit
solicitor,so.licit.or,illicit,il.licit
cadence,cad.ence,decadent,de.cad.ent
refute,re.fute,refuse,re.fuse
refute,re.fute,repute,re.pute
refute,re.fute,rebut,re.but
refute,re.fute,refutation,re.fut.ation
jovial,jov.ial,saturnine,Saturn.ine
chrysalis,chrys.al.is,chrysanthemum,chrys.an.the.mum
chrysalis,chrys.al.is,chrysograph,chrys.ograph
pejorative,pe.jor.ative,perjure,per.jure
pejorative,pe.jor.ative,derogatory,de.roga.tory
suave,su.ave,assuage,as.su.age
suave,su.ave,persuade,per.su.ade
suave,su.ave,dissuade,dis.su.ade
entrant,entr.ant,entrance,entr.ance
auspicious,au.spic.ious,auspices,au.spic.es
propitious,pro.piti.ous,propitiate,pro.piti.ate
gruesome,grue.some,congruent,con.gru.ent
connotation,con.not.ation,annotation,an.not.ation
connotation,con.not.ation,denotation,de.not.ation
vehement,vehe.ment,vehicle,vehi.cle
capsize,cap.size,capital,cap.it.al
capsize,cap.size,capitulate,cap.it.ul.ate
thump,th.ump,trump,tr.ump
thump,th.ump,stump,st.ump
thump,th.ump,sump,s.ump
thump,th.ump,lump,l.ump
wobbly,wobb.ly,wobble,wobb.le
wobbly,wobb.ly,nv,n.v
wobbly,wobb.ly,wobbler,wobb.ler
mitochondrion,mito.chondr.ion,amitosis,a.mito.sis
mitochondrion,mito.chondr.ion,mitochondria,mito.chondr.ia
mitochondrion,mito.chondr.ion,chondral,chondr.al
mitochondrion,mito.chondr.ion,hypochondria,hypo.chondr.ia
intravenous,intra.ven.ous,venus,Ven.us
catheter,cathe.ter,cathedral,cathe.dral
catheter,cathe.ter,catherine,Cathe.rine
catheter,cathe.ter,cathode,cath.ode
spaghetti,spa.gh.etti,ghetto,gh.etto
spaghetti,spa.gh.etti,cappelletti,cap.pell.etti
rendition,rend.ition,render,rend.er
rendition,rend.ition,rendering,rend.er.ing
rendition,rend.ition,rendezvous,rend.ez.vous
rendition,rend.ition,interpretation,inter.pre.tation
preclude,pre.clude,conclude,con.clude
inherent,in.her.ent,inherit,in.her.it
inherent,in.her.ent,intrinsic,intrin.sic
assimilate,as.simil.ate,similar,simil.ar
assimilate,as.simil.ate,late,l.ate
assimilate,as.simil.ate,facsimile,fac.simile
assimilate,as.simil.ate,nv,n.v
plaintive,plaint.ive,plaintiff,plaint.iff
inquest,in.quest,vn,v.n
inquest,in.quest,bequest,be.quest
revere,re.vere,severe,se.vere
